NTACode,income_score,car_score,bus_subway_score,reliability_score,ridership_score,index_score
BK0101,0.4051876417427377,0.8735483870967742,0.9718,0.623738936540982,0.22486672938768723,0.608901
BK0102,0.3456585410327418,0.9148387096774193,0.9694,0.7372745407162596,0.41196179484924444,0.656246
BK0103,0.9154671954596738,0.8374193548387097,0.92,0.778027499383459,0.46110350288255064,0.789275
BK0104,0.6626266425062965,0.9109677419354839,0.9537,0.8197770637004118,0.44879627268980493,0.751316
BK0201,0.1316227335407478,0.9664516129032258,0.8947,0.8372698002976557,0.3952375776716354,0.609774
BK0202,0.2782915655236077,0.944516129032258,0.9115,0.8100393594411044,0.48297115842295,0.658876
BK0203,0.426949069483857,0.8993548387096775,0.9375,0.8390990378821913,0.5261619928098571,0.705205
BK0204,0.3727477862491025,0.9161290322580645,0.9608,0.8006532477270772,0.4357443535091482,0.67582
BK0261,,,,,,0.0
BK0301,0.636722622995658,0.8696774193548387,0.9453,0.8042195496335587,0.5529919679893022,0.753407
BK0302,0.7576213431798238,0.7987096774193548,0.9827,0.8102106279666634,0.5343259450249823,0.774084
BK0401,0.6410133679783925,0.9032258064516129,0.9324,0.7760789710521506,0.5609022890626026,0.755971
BK0402,0.7442961012912122,0.8064516129032259,0.9158,0.8099171488914725,0.44397913441641024,0.740808
BK0471,,,,,,0.0
BK0501,0.7353071899894014,0.6941935483870967,0.9388,0.916518993266532,0.2866902317416902,0.705241
BK0502,0.7573763205579678,0.7303225806451612,0.9194,0.9399740668716994,0.2968715994105609,0.719659
BK0503,0.8318717449029597,0.7458064516129033,0.9717,0.8590869092436713,0.5841310639769973,0.797158
BK0504,0.9479754293594084,0.6967741935483871,,,,0.376349
BK0505,0.8716651281525294,0.7187096774193549,0.9722,0.8558840920109524,0.2762259875867002,0.739726
BK0571,,,0.9167,0.9008496575972645,0.3225267199108633,0.382973
BK0601,0.2212098419319179,0.9212903225806451,0.9551,0.7680010369148975,0.15525887831746188,0.576832
BK0602,0.0868890104504996,0.9290322580645162,0.925,0.8700037338483977,0.48665692439764957,0.620361
BK0701,0.3875745039716457,0.8825806451612903,0.9189,0.8458048153409764,0.4786238339585098,0.679785
BK0702,0.7126511447684821,0.8451612903225807,0.9457,0.7987594462494995,0.22997256475602795,0.702143
BK0703,0.820911256225284,0.863225806451613,0.9796,0.8470149522628032,0.29572033333794845,0.759989
BK0771,,,1.0,0.8963088340707214,0.4033790295892035,0.415122
BK0801,0.2060697231814193,0.9238709677419354,0.9394,0.8795263768726639,0.42684867131777027,0.64147
BK0802,0.6836302095798147,0.863225806451613,0.9769,0.8159111395116683,0.4594191474861598,0.753203
BK0891,,,1.0,0.9492164401678,0.3276175317306471,0.407906
BK0901,0.6809919427444813,0.8451612903225807,0.9259,0.8526821264770991,0.5191424569844033,0.756191
BK0902,0.6988985378417496,0.8425806451612903,0.9481,0.835070078381019,0.6209430464021553,0.78231
BK1001,0.6286169327726304,0.7432258064516128,0.9799,0.816639964150598,0.20272944145704636,0.664821
BK1002,0.7432618778989595,0.6761290322580644,1.0,0.8670791050986737,0.1190645818985427,0.674916
BK1061,0.5576771855448049,0.5458064516129032,1.0,0.8661626006835852,0.15329974000651694,0.609165
BK1091,,,1.0,0.7645807118705485,0.4995872167182169,0.414605
BK1101,0.7768157315919633,0.7483870967741936,0.9306,0.756043311375024,1.0,0.843408
BK1102,0.6428766795445998,0.6335483870967742,0.9787,0.7919898599618465,0.7444594131616254,0.750859
BK1103,0.7393472141497714,0.7406451612903225,0.9318,0.8148249006063885,0.6730577441481209,0.776161
BK1201,0.7936596122944374,0.8709677419354839,0.9565,0.7481361688374724,0.6781458944110309,0.811758
BK1202,0.8282277456779149,0.7393548387096773,0.9213,0.7400158041571858,0.7921709725927775,0.808624
BK1203,0.6684188633229626,0.7974193548387096,0.9535,0.810057603526702,0.6432099957178484,0.767439
BK1204,0.7560229979372515,0.6593548387096774,0.9344,0.7536949036481333,0.9907382285304025,0.818959
BK1301,0.8304557420766522,0.6451612903225806,0.9592,0.8249705717692848,0.6787778562581035,0.787987
BK1302,0.8807167196599314,0.6903225806451613,0.9604,0.8420340117967903,0.4959892803171553,0.775827
BK1303,0.8729956579712127,0.7638709677419355,0.9744,0.850785074476376,0.7484089936456482,0.843203
BK1391,,,,,,0.0
BK1401,0.7270818375556999,0.8270967741935484,0.9718,0.807594398550763,0.8886584291273641,0.840421
BK1402,0.645287018359602,0.7496774193548387,0.913,0.7982642067113936,0.7642363744128311,0.766444
BK1403,0.7398059192906881,0.6632258064516129,0.9697,0.8085984280945151,0.7905541879116071,0.790937
BK1501,0.7665646688775685,0.6774193548387097,0.9661,0.8466109963377972,0.7016353064711327,0.787664
BK1502,0.7363385642814,0.6645161290322581,0.9753,0.8552481902430363,0.5432826867272248,0.748992
BK1503,0.741538172245205,0.5780645161290322,0.9826,0.8260697510648042,0.6674625138483606,0.75492
BK1601,0.784314563460859,0.8051612903225807,0.9385,0.8911892033692412,0.3617701430912218,0.750843
BK1602,0.911250527083547,0.8387096774193549,0.9192,0.8124524418318821,0.5649307549055148,0.814249
BK1701,0.7301503185294085,0.8348387096774194,0.9444,0.8365946048437559,0.8818383727904918,0.840242
BK1702,0.7047876280670564,0.6670967741935484,1.0,0.7426330276002296,0.8917746210268539,0.799366
BK1703,0.7344496108129053,0.6787096774193548,1.0,0.8341410441094377,0.6692465583230375,0.778325
BK1704,0.7956938698758932,0.7367741935483871,1.0,0.8102994119627958,0.631031068712864,0.794029
BK1771,,,,,,0.0
BK1801,0.6580538365984022,0.5780645161290322,1.0,0.7896384081736327,0.8301837971513352,0.764609
BK1802,0.5247928704115241,0.4554838709677419,1.0,0.8280768962807887,0.6776472215386292,0.682036
BK1803,0.661310358188884,0.5832258064516129,,,,0.281973
BK1891,,,,,,0.0
BK1892,,,,,,0.0
BK1893,,,1.0,0.9081987439784889,0.4325341032956043,0.422737
BK5591,,,1.0,0.8168561297399751,0.7834014677111727,0.479209
BK5691,,0.2438709677419355,,,,0.048774
BK5692,,,,,,0.0
BK5693,,,1.0,0.9863747370517211,0.2292062087215671,0.393797
BX0101,0.9895039146637492,0.864516129032258,0.9231,0.7647699689558782,0.40510869447828307,0.800636
BX0102,0.9952448516758408,0.8503225806451613,0.9423,0.6772857501643175,0.3598788061259233,0.780904
BX0201,0.9593404902731716,0.8193548387096774,0.9762,0.6963345213145807,0.4189945285269403,0.787195
BX0202,0.9421119810363888,0.7754838709677419,0.9286,0.7434828425032483,0.33650933711546827,0.755169
BX0291,,,,,,0.0
BX0301,0.9883300853590437,0.7754838709677419,1.0,0.7761258649089964,0.4046485387773864,0.799528
BX0302,0.9460237956853226,0.7703225806451612,1.0,0.7975099700801369,0.4079164447419663,0.79178
BX0303,0.959058429348012,0.7741935483870968,0.925,0.8358642044195012,0.3988505874049091,0.784753
BX0391,,,1.0,0.8432636187370786,0.37992260362321867,0.402474
BX0401,0.8983811412355978,0.8348387096774194,0.9231,0.8014830310612123,0.44151384818377487,0.784708
BX0402,0.9000307702827447,0.8567741935483871,1.0,0.9233719006545908,0.3320679464815475,0.801282
BX0403,0.9155897067706018,0.8206451612903226,0.9318,0.8323906937367852,0.350868193565983,0.774419
BX0491,,,0.8571,0.8629305567836786,0.47484378350722783,0.395828
BX0492,,,1.0,0.9532601724368639,0.5135686867616192,0.445703
BX0501,0.9557933604567678,0.7948387096774193,1.0,0.6798964964729395,0.3435079468985719,0.768602
BX0502,0.928601547631258,0.824516129032258,0.913,0.6966846307251955,0.4508215156042845,0.774321
BX0503,0.9527448231848382,0.8761290322580645,0.8696,0.7769969226732387,0.5347860352338976,0.810839
BX0601,1.0,0.752258064516129,0.9394,0.7445197077438139,0.7845557772367387,0.856921
BX0602,0.9587792175231062,0.7212903225806451,1.0,0.6725628417920619,0.6091213308421433,0.806662
BX0603,0.9845350838205296,0.8296774193548387,1.0,0.7679063574029865,0.5191048142531185,0.831076
BX0701,0.9217864998233558,0.8270967741935484,0.9636,0.7762611376272037,0.5303531895329961,0.811096
BX0702,0.923074293138227,0.8516129032258064,0.9565,0.7715977791885166,0.3770256961842799,0.783536
BX0703,0.8840245250549876,0.7612903225806451,0.9231,0.7643285172359942,0.3606561000716817,0.744665
BX0801,0.8297149760105759,0.784516129032258,1.0,0.7733011960414027,0.5517078987938107,0.790669
BX0802,0.8145406680570276,0.7316129032258065,0.9091,0.7224493777684318,0.5662808905035811,0.753401
BX0803,0.5937297001606893,0.5729032258064516,1.0,0.6496472881296194,0.5648260928541953,0.673425
BX0901,0.9402087820666234,0.7470967741935484,0.9455,0.7174705733135687,0.49024007318948426,0.77924
BX0902,0.8636392127366178,0.5174193548387097,1.0,0.6923882381015112,0.49343254930997604,0.721938
BX0903,0.8320911256225284,0.5896774193548386,1.0,0.7816279989451524,0.8520588226517076,0.813614
BX0904,0.8329344592977538,0.7793548387096774,0.9722,0.740541233346572,0.5480194882806237,0.77923
BX0991,,,,,,0.0
BX1001,0.861869921478797,0.6606451612903226,0.9167,0.7331801855101452,0.37962197174285073,0.716838
BX1002,0.6467286630881968,0.3703225806451612,1.0,0.8173459885664864,0.23340054740979574,0.605029
BX1003,0.6501874707967223,0.5058064516129032,,,,0.263708
BX1004,0.783559551893512,0.6619354838709677,1.0,0.8651685738754693,0.3831658181823187,0.734685
BX1071,,,,,,0.0
BX1091,,,1.0,,0.3268754391021322,0.265375
BX1101,0.814751501475834,0.6619354838709677,0.9459,0.7599592752508867,0.5771266795694638,0.754674
BX1102,0.6943741666381756,0.567741935483871,0.9592,0.7062670443060151,0.45605954997712705,0.676134
BX1103,0.6679914982848416,0.40774193548387094,1.0,0.6836421781562114,0.19483271022395948,0.590059
BX1104,0.883357835595519,0.7070967741935483,0.9688,0.7421667632507127,0.20954625299948496,0.709253
BX1161,,,1.0,0.7579182289829927,0.48260966345859174,0.41021
BX1201,0.8190821338621264,0.6077419354838709,0.92,0.6982282993488962,0.2863431386611101,0.672322
BX1202,0.7143150193168997,0.5638709677419353,0.9615,0.7441746516715129,0.3623596073334201,0.667751
BX1203,0.6689658905717575,0.5367741935483872,0.9492,0.6072275796298878,0.28935056801043313,0.613391
BX1271,,,1.0,0.6075557555636153,0.21829128317382476,0.334792
BX2691,,,0.9167,0.6457624107765579,0.4063697738299509,0.361478
BX2791,,,1.0,0.8549160113785177,0.643890369050308,0.457015
BX2891,,,,,,0.0
MN0101,0.0818033664968602,0.967741935483871,,,,0.213999
MN0102,0.0882879186752823,0.9625806451612904,0.8,0.8660946889549448,0.15586299565010733,0.535675
MN0191,,,,,,0.0
MN0201,0.3292249307668639,0.9754838709677419,0.8611,0.8254868520424533,0.1465265556662388,0.602751
MN0202,0.1418851926561591,0.944516129032258,0.8511,0.8099246218186866,0.27587985912871554,0.571259
MN0203,0.0974221340900544,0.9651612903225807,0.9216,0.7910378725088651,0.3114008823309301,0.582644
MN0301,0.9593490375739342,0.9393548387096774,0.9767,0.7645248377598085,0.4265714396288984,0.823041
MN0302,0.6948186262778215,0.9406451612903226,,,,0.361834
MN0303,0.6217420538593912,0.96,,,,0.347436
MN0401,0.4341003111217477,0.9612903225806452,0.9367,0.7567893895636025,0.3734969347694521,0.676341
MN0402,0.5427535984136209,0.9548387096774194,0.9828,0.7626982949653776,0.31353514545225625,0.700328
MN0501,0.025690336991578,0.9496774193548387,0.8636,0.7449210294670505,0.27945277219534664,0.536707
MN0502,0.2341846444892703,0.9858064516129033,0.8926,0.749221819909299,0.2537144238461126,0.597354
MN0601,0.1527345664239233,0.9432258064516129,,,,0.226829
MN0602,0.3337151127673881,0.9793548387096774,0.9024,0.7027815322390873,0.6118275404127579,0.687562
MN0603,0.3861385574435593,0.9509677419354838,,,,0.286728
MN0604,0.2339994529727511,0.9483870967741935,0.9216,0.7512553285569525,0.5689490958378564,0.658975
MN0661,,,,,,0.0
MN0701,0.1130978836883311,0.944516129032258,0.9474,0.7967494389965067,0.48461747952947215,0.623094
MN0702,0.2884770989321572,0.9509677419354838,0.9592,0.8363849822748373,0.6928002881115062,0.718171
MN0703,0.4127918903210366,0.9638709677419355,0.963,0.7809542686800559,0.671057373957008,0.739927
MN0801,0.4289149486592134,0.9483870967741935,,,,0.296906
MN0802,0.0,0.9187096774193548,0.9265,0.7372111980158454,0.7695966172042465,0.633543
MN0803,0.3612716104254276,0.935483870967742,,,,0.277415
MN0901,0.7351561876759319,0.9367741935483871,0.9655,0.8152992249100051,0.7541631803464176,0.837371
MN0902,0.87918105462295,0.9483870967741935,0.9744,0.8115773861160354,0.7899276673469675,0.884075
MN0903,0.8044149657538149,0.9483870967741935,0.9538,0.7711373192228158,0.7789371480363187,0.852999
MN1001,0.7178649982335579,0.927741935483871,0.9241,0.7734764551712219,0.7673066963905614,0.819317
MN1002,0.8425359271542047,0.8980645161290323,0.9537,0.7106701177139481,0.6386618497703305,0.81532
MN1101,0.938590493122272,0.944516129032258,0.9423,0.734103473239313,0.9378103180832218,0.909688
MN1102,0.9119770476483526,0.9109677419354839,,,,0.410188
MN1191,,1.0,1.0,0.6954244030972183,0.32205502061696506,0.568725
MN1201,0.7847561740002507,0.9187096774193548,0.9406,0.7988078183543095,0.6353121082319222,0.814935
MN1202,0.7672541511390703,0.9225806451612903,0.9296,0.7870255850737689,0.6997421101938243,0.820252
MN1203,0.7408572372844655,0.8929032258064517,,,,0.363795
MN1291,,,0.9333,0.7757174245322178,0.87824177819501,0.478666
MN1292,,,1.0,0.6679337486406766,0.4076647268276462,0.381723
MN6491,,,0.9242,0.7637563170337628,0.4257886455618339,0.384561
QN0101,0.5558708559836804,0.7677419354838709,0.625,,0.699554486709002,0.557427
QN0102,0.5291861830034075,0.7664516129032257,0.8182,0.6458076379568138,0.42495340290727734,0.631089
QN0103,0.6274630471697038,0.8929032258064517,,,,0.335446
QN0104,0.6621024080595348,0.8438709677419355,0.5,,0.699554486709002,0.574211
QN0105,0.70335168153897,0.8658064516129033,0.75,0.6458076379568138,0.42495340290727734,0.680861
QN0151,,,,,,0.0
QN0161,0.1177305207015624,,,,,0.029433
QN0171,,,,,,0.0
QN0191,,,,,,0.0
QN0201,0.1896703021185909,0.896774193548387,0.7179,0.4637531255725025,0.23260755356117682,0.486437
QN0202,0.6994341686895278,0.8232258064516129,0.9194,0.6081654365648931,0.2057811210046075,0.655765
QN0203,0.7346632933319658,0.784516129032258,1.0,0.229417972653307,0.35179353821714215,0.64534
QN0261,,,,,,0.0
QN0271,,,0.8571,0.6081654365648931,0.2057811210046075,0.303801
QN0301,0.7086595553124324,0.7806451612903226,1.0,,0.699554486709002,0.673205
QN0302,0.7244207779183334,0.6322580645161291,1.0,0.0,0.21161535788263913,0.54988
QN0303,0.7205403033721951,0.8374193548387097,0.875,0.6632122571831156,0.007363954876147574,0.623574
QN0401,0.7470511812369653,0.8090322580645162,0.8235,0.5372323707734137,0.647798173604635,0.723414
QN0402,0.7625502866194855,0.807741935483871,0.9286,0.5476120819537296,0.7355349590407608,0.767155
QN0501,0.6753165350382349,0.49935483870967734,1.0,0.6413866729879454,0.5476905462833298,0.674446
QN0502,0.650731648945263,0.7716129032258064,0.9655,0.7126733589798487,0.5334235709221841,0.723691
QN0503,0.6453553967657014,0.4774193548387097,1.0,0.6344158467668645,0.4607131063103014,0.644128
QN0504,0.5950687772801349,0.47096774193548385,1.0,0.6729791905713958,0.3731783015473828,0.618543
QN0571,,,0.75,0.7525892548067857,0.487440255425847,0.360376
QN0572,,,1.0,1.0,0.7447344061761731,0.498947
QN0573,,,1.0,0.721957965626753,0.5704705963796993,0.422388
QN0574,,0.5883870967741935,1.0,0.7493726649637549,0.40541540028748313,0.511166
QN0601,0.6551192633366383,0.7212903225806451,0.9524,0.621452659327949,0.5157705300107632,0.69489
QN0602,0.5508222503333448,0.7212903225806451,0.8261,0.6381662239855119,0.5263313699302875,0.648175
QN0701,0.6776584954471379,0.37806451612903225,,,,0.245028
QN0702,0.5665777747387375,0.23483870967741927,1.0,0.7174870361044073,0.46865004231027385,0.589965
QN0703,0.5366109382656956,0.29419354838709677,1.0,0.6751660881903736,0.3532059685524063,0.564908
QN0704,0.7866992603735741,0.5793548387096774,1.0,0.7472556552836829,0.41469598118952056,0.707573
QN0705,0.783314529271656,0.5741935483870968,1.0,0.823428388812221,0.985922881890894,0.831366
QN0706,0.7676387796733791,0.5703225806451613,1.0,0.6672160275773484,0.9230517969193743,0.790667
QN0707,0.8537613821555152,0.8335483870967741,0.9859,0.5899310600515437,0.652991804331594,0.796418
QN0761,,,1.0,0.5695452681493618,0.3668077066592537,0.358793
QN0791,,,,,,0.0
QN0801,0.6529112106396799,0.5135483870967741,1.0,0.8079582378523653,0.6382068607764193,0.714773
QN0802,0.6123514194217465,0.5664516129032258,1.0,0.8114929581473252,0.5548534114897901,0.699073
QN0803,0.6297936111775901,0.44516129032258067,1.0,0.8235203264415039,0.5289957928969953,0.675808
QN0804,0.612320079318951,0.5341935483870968,0.9762,0.835730885708601,0.41633283056881454,0.663785
QN0805,0.6701568144779879,0.576774193548387,0.95,0.7892236725683501,0.5867897756620607,0.708636
QN0871,,,1.0,0.9139778413891859,0.7305699121287373,0.483211
QN0891,,,1.0,0.8132110590114803,0.6786365714492137,0.457709
QN0901,0.679396446602163,0.6580645161290323,1.0,0.7345837122995524,0.5689241801571863,0.725434
QN0902,0.6854479355419558,0.5625806451612904,0.9,0.8250270843794468,0.4635182129373775,0.680336
QN0903,0.6977304067375523,0.5729032258064516,0.7778,0.7974347560529037,0.31269736916651264,0.626728
QN0904,0.7358257262356548,0.6064516129032258,0.6923,0.7974347560529037,0.31269736916651264,0.625861
QN0905,0.6736412640888008,0.6709677419354838,0.85,0.8501242697094276,0.31406461349665243,0.662935
QN1001,0.5948351510592955,0.44000000000000006,1.0,0.7168730048008045,0.6538468477824326,0.675009
QN1002,0.6871687920954563,0.5419354838709678,0.5,0.7168730048008045,0.6538468477824326,0.61848
QN1003,0.6290243541089724,0.2503225806451612,,,,0.207321
QN1091,,,,,,0.0
QN1101,0.6182205659452744,0.3961290322580645,1.0,0.7663168641545629,0.6290835426249054,0.674545
QN1102,0.5591587176769577,0.41419354838709677,1.0,0.8116852368038898,0.6216045545228506,0.668702
QN1103,0.4908458408834489,0.3419354838709677,,,,0.191099
QN1104,0.6017527664763468,0.37806451612903225,1.0,0.8297765619391476,0.7726962972826116,0.705057
QN1191,,0.5019354838709678,1.0,0.7632134646727721,0.9490902199689165,0.604687
QN1201,0.8235723158626506,0.6929032258064516,0.955,0.8661764868625487,0.37615248216584946,0.740631
QN1202,0.7311361072173408,0.5058064516129032,1.0,0.8985004851406032,0.24799232608949834,0.668319
QN1203,0.6551676980409586,0.4025806451612902,1.0,0.8765334405689057,0.20789646835342326,0.617367
QN1204,0.7394298380571416,0.424516129032258,1.0,0.8788312988810895,0.24357450920053111,0.6503
QN1205,0.5935188667418829,0.41290322580645167,1.0,0.9154809179271842,0.26739493524304997,0.621761
QN1206,0.6738463993070989,0.46709677419354834,1.0,0.831044954061039,0.36282992821521504,0.659104
QN1301,0.535086669629731,0.16645161290322585,1.0,0.7295100247656333,0.6867972438489368,0.613848
QN1302,0.5595177043089792,0.29548387096774187,1.0,0.742198132772306,0.7730533526879754,0.664917
QN1303,0.5847436379591324,0.41161290322580646,1.0,0.7523374688368012,0.5487608907392819,0.651111
QN1304,0.5113793064150342,0.34967741935483876,1.0,0.9143245882565973,0.6256300038128269,0.660055
QN1305,0.523527869898686,0.34838709677419355,1.0,0.8811225832193501,0.214541866985456,0.575636
QN1306,0.5315281434123105,0.37290322580645163,0.9565,0.9047325767501513,0.22055499084622385,0.578584
QN1307,0.5133907711944568,0.32387096774193547,1.0,0.8538528631136401,0.20622944453367403,0.562446
QN1371,,,1.0,0.9132465817724613,0.25441425877765267,0.38787
QN1401,0.7662142295463092,0.4554838709677419,,,,0.28265
QN1402,0.8430145759969002,0.47096774193548385,,,,0.304947
QN1403,0.4689676000319099,0.2503225806451612,,,,0.167306
QN1491,,,,,,0.0
QN8081,,,,,,0.0
QN8191,,,0.75,0.1557334199662842,0.6751881624670648,0.308398
QN8291,,,1.0,0.5998597980989322,0.48120921858003185,0.386221
QN8381,,,,,,0.0
QN8491,,,,,,0.0
QN8492,,,,,,0.0
SI0101,0.7558634483230195,0.6141935483870967,0.9897,0.8191334967599613,0.051579363829760735,0.64293
SI0102,0.8806853795571359,0.552258064516129,0.9701,0.8142499358867877,0.051199016143866835,0.65702
SI0103,0.7406805930687089,0.41161290322580646,0.9804,0.8921219169902471,0.10482585880096876,0.618356
SI0104,0.6114852929444881,0.37548387096774194,1.0,0.815004359496717,0.07144415061138842,0.564508
SI0105,0.5046554298152643,0.2451612903225806,1.0,0.8705930010006434,0.04627478657155833,0.51504
SI0106,0.6769034838797907,0.3651612903225806,1.0,0.8615315431167906,0.04969827147018846,0.581428
SI0107,0.692932521909581,0.37548387096774194,,,,0.24833
SI0191,,,1.0,0.8104075834189365,0.15342482545534442,0.352246
SI0201,0.7190331293377552,0.4309677419354838,0.9789,0.8946999869259674,0.12004599260743125,0.619946
SI0202,0.6231523584851903,0.3870967741935484,0.9741,0.8883005328418242,0.10191989717713389,0.581657
SI0203,0.5570845726919439,0.28903225806451616,1.0,0.8215099301591209,0.039211616004679824,0.528146
SI0204,0.6115992569546538,0.25806451612903225,1.0,0.8719395402321234,0.05815568855512316,0.546935
SI0291,,,1.0,0.78119476525058,0.07478304818348483,0.332136
SI0301,0.499509954756288,0.32387096774193547,0.9726,0.8687467167749542,0.10758417511384713,0.536001
SI0302,0.4472745506968899,0.24903225806451612,0.982,0.829756083628787,0.06272665638624056,0.495034
SI0303,0.5569478158797452,0.09419354838709693,1.0,0.7591204668336945,0.0028203775524682203,0.472508
SI0304,0.5508336467343613,0.23096774193548386,0.969,0.8360910241533428,0.03151824290091195,0.509419
SI0305,0.4159629389038941,0.13935483870967758,0.9639,0.7222405751512017,0.02231904646299096,0.437442
SI0391,,0.0,1.0,0.7013568261095073,0.0,0.305204
SI9561,0.7833373220736891,,1.0,0.8740679859651854,0.004687528159152981,0.527882
SI9591,,,,,,0.0
SI9592,,0.43354838709677423,1.0,0.8604636469097515,0.16183522338476297,0.448146
SI9593,,,1.0,0.9069959996310637,0.15720511927649744,0.36749
