NTA Code,Neighborhood Name,Borough,Population 16 years and over,In labor force,Civilian labor force,Employed,Unemployed,Armed Forces,Not in labor force,Civilian labor force (alt),Unemployed (alt),Own children under 6 years,All parents in family in labor force (children under 6),Own children 6 to 17 years,All parents in family in labor force (children 6–17),Total households,"Household income less than $10,000","Household income $10,000 to $14,999","Household income $15,000 to $24,999","Household income $25,000 to $34,999","Household income $35,000 to $49,999","Household income $50,000 to $74,999","Household income $75,000 to $99,999","Household income $100,000 to $149,999","Household income $150,000 to $199,999","Household income $200,000 or more",Median household income,Mean household income,Households with Social Security,Households with retirement income,Households with Supplemental Security Income,Households with cash public assistance income,Households with SNAP benefits,Family households,"Family income less than $10,000","Family income $10,000 to $14,999","Family income $15,000 to $24,999","Family income $25,000 to $34,999","Family income $35,000 to $49,999","Family income $50,000 to $74,999","Family income $75,000 to $99,999","Family income $100,000 to $149,999","Family income $150,000 to $199,999","Family income $200,000 or more",Median family income,Nonfamily households,Median nonfamily income,Per capita income,Families poverty status determined,Families below poverty,Population poverty status determined,Population below poverty,Population under 18 poverty status determined,Population under 18 below poverty,Population 65+ poverty status determined,Population 65+ below poverty,Population poverty ratio determined,Income under 50% poverty level,Income 50–74% poverty level,Income 75–99% poverty level,Income 100–124% poverty level,Income 125–149% poverty level,Income 150–174% poverty level,Income 175–184% poverty level,Income 185–199% poverty level,Income 200–299% poverty level,Income 300–399% poverty level,Income 400–499% poverty level,Income 500% poverty level or more,poverty_rate
BK0101,Greenpoint,Brooklyn,34401,27643,27643,25592,2051,0,6758,27643,2051,2405,2031,2502,1969,19060,519,573,608,826,1112,2193,1593,3749,2722,5165,124903,161535,2851,2236,349,844,1427,7693,150,108,165,383,368,644,689,1429,1051,2706,145878,11367,112220,77087,7693,454,39013,3541,4988,446,3671,701,39013,1934,673,934,699,852,873,270,898,3692,3653,4249,20286,0.102933054
BK0102,Williamsburg,Brooklyn,54638,44451,44451,41368,3083,0,10187,44451,3083,5953,4351,6080,3948,29410,1142,1000,1300,777,1622,2905,2072,4273,3528,10791,145388,203852,3151,1866,1309,1549,4163,12346,459,369,672,286,811,1413,821,1709,1251,4555,137378,17064,145193,91048,12346,1379,65923,8452,12334,2293,4064,1193,65923,3913,1975,2564,1437,3084,3327,708,383,6064,5629,4171,32668,0.154690874
BK0103,South Williamsburg,Brooklyn,25945,14467,14467,13067,1400,0,11478,14467,1400,8014,3636,13612,5879,11233,629,896,1653,1527,2097,1373,788,1142,299,829,43465,71545,2361,857,856,1919,5319,9307,531,393,1509,1209,1813,1178,790,926,284,674,45408,1926,30417,17552,9307,3336,45732,19782,21922,11413,3984,1238,45732,6705,7343,5734,3154,3624,1710,895,1173,4895,4189,2007,4303,0.762459048
BK0104,East Williamsburg,Brooklyn,44115,30316,30298,28057,2241,18,13799,30298,2241,2943,2001,4894,3150,23473,1980,1170,2284,1563,1805,2570,2259,3395,2665,3782,79033,112259,5173,3553,1823,1966,5230,10462,716,402,1355,866,1225,1245,912,1319,823,1599,64952,13011,89478,50642,10462,2413,51626,12038,8249,3086,6761,1955,51626,5838,1964,4236,2738,2797,1784,647,665,5254,4713,4618,16372,0.272877706
BK0201,Brooklyn Heights,Brooklyn,21219,15219,15219,14599,620,0,6000,15219,620,2058,1621,1740,1449,12231,311,142,299,539,414,654,834,1813,1534,5691,186162,283344,2986,3058,376,117,388,5451,57,0,79,39,67,174,194,512,523,3806,200000,6780,130280,139878,5451,116,23133,938,3879,81,4407,336,23133,534,79,325,123,303,279,164,149,1569,897,1159,17552,0.044205665
BK0202,Downtown Brooklyn-DUMBO-Boerum Hill,Brooklyn,33683,25794,25794,24340,1454,0,7889,25794,1454,2945,2243,3376,2471,19349,1390,607,788,534,1081,1329,863,2474,2282,8001,163331,220449,2376,1681,744,1050,1806,8141,264,185,341,310,530,493,278,789,892,4059,199353,11208,139911,107977,8141,782,39452,5996,6566,1149,3258,614,39452,3555,1231,1210,629,813,942,448,200,2594,1617,1404,24809,0.178012647
BK0203,Fort Greene,Brooklyn,27594,19165,19165,17682,1483,0,8429,19165,1483,2025,1634,2959,2482,14891,1070,735,918,644,830,1599,966,2128,1692,4309,112875,171631,3054,1917,1507,782,2739,6360,443,215,361,238,422,754,477,864,581,2005,114003,8531,110617,79741,6360,989,31217,5099,5142,1188,3843,1191,31217,2623,1061,1415,1054,785,1054,314,322,3147,2478,2984,13980,0.184786548
BK0204,Clinton Hill,Brooklyn,24671,17787,17772,16440,1332,15,6884,17772,1332,1987,1630,1866,1480,13048,675,436,575,546,691,1234,1065,2429,1751,3646,126617,171351,2514,1930,384,457,1220,5350,117,125,126,126,270,335,287,781,974,2209,176077,7698,95114,78833,5350,341,26089,2609,3865,168,3441,828,26089,1290,588,731,583,452,834,92,265,1867,1913,2563,14911,0.105751692
BK0301,Bedford-Stuyvesant (West),Brooklyn,67460,47072,47072,43443,3629,0,20388,47072,3629,7785,4624,13758,8598,33765,2955,1702,2369,1717,2984,4440,3509,5113,2963,6013,80096,117810,5092,3358,2744,2855,8171,16207,1104,480,1571,849,1825,2340,1371,1999,1582,3086,74250,17558,81923,45367,16207,3612,87452,23390,22138,8888,6625,1951,87452,10415,5450,7525,4186,2283,2453,442,2279,12487,8114,6618,25200,0.346723985
BK0302,Bedford-Stuyvesant (East),Brooklyn,76506,49420,49395,45132,4263,25,27086,49395,4263,5696,4407,11587,8059,36505,3131,2229,2639,2314,3201,4647,4412,6060,3338,4534,75517,106862,8129,5766,3359,2821,8603,19608,1607,816,1294,1534,1521,2513,2348,3069,2074,2832,80525,16897,67010,42809,19608,4193,92016,22345,18105,6186,11576,2806,92016,12032,5527,4786,3485,3292,2709,787,2641,12366,10195,9360,24836,0.292068596
BK0401,Bushwick (West),Brooklyn,45795,33909,33909,31229,2680,0,11886,33909,2680,1777,1319,5000,3616,21775,1507,782,1249,1126,1242,2906,3281,4569,2347,2766,90813,108898,3086,2017,1209,1515,4276,8443,617,299,352,636,763,1180,1371,1356,832,1037,81828,13332,93698,44655,8443,1313,51842,9660,7112,1993,3943,1221,51842,5207,2573,1880,1978,2852,2580,387,1577,8448,5907,5036,13417,0.210940059
BK0402,Bushwick (East),Brooklyn,51430,35747,35735,32918,2817,12,15683,35735,2817,3024,1843,6015,4381,22648,2067,1436,1742,1446,1711,2838,3114,3651,2213,2430,75673,96225,5282,2931,2109,1590,5412,11925,882,386,1113,784,1063,1417,2007,1836,1334,1103,78954,10723,66078,36136,11925,2302,59599,14000,9240,3173,7463,2497,59599,6691,2935,4374,2290,2433,2412,992,1173,8869,8651,6881,11898,0.272214661
BK0501,Cypress Hills,Brooklyn,32988,19476,19438,18124,1314,38,13512,19438,1314,2672,1560,6409,3772,13697,1567,555,922,962,1630,2071,1620,2113,1063,1194,63480,88041,3817,2370,1295,608,3928,9708,720,297,497,653,1153,1634,1369,1564,872,949,73471,3989,34160,30143,9708,1517,40983,7090,9433,2088,5367,1226,40983,4105,1620,1365,1287,2500,2338,802,2201,6702,6444,3411,8208,0.21492664
BK0502,East New York (North),Brooklyn,33189,18389,18290,16713,1577,99,14800,18290,1577,3486,2317,7127,5285,14701,1670,1118,1410,1172,1176,2898,1595,1932,1045,685,56323,70512,4040,2393,1689,1081,5611,10119,1047,622,910,734,712,1924,1128,1502,981,559,60141,4582,35301,24426,10119,2550,42591,11938,11004,3725,5262,1617,42591,6347,2700,2891,1974,1201,2012,713,1311,6708,6545,3690,6499,0.35969749
BK0503,East New York-New Lots,Brooklyn,40708,23590,23590,20838,2752,0,17118,23590,2752,3193,2154,7381,5132,19677,2756,977,1754,1370,2121,3312,2640,2554,1157,1036,56229,71370,5609,4246,1638,1565,6528,11987,730,431,1031,732,1200,2420,1726,2183,812,722,69268,7690,30536,27981,11987,2154,50855,12200,11348,3757,7752,1663,50855,6876,2783,2541,1697,2218,2884,692,811,11132,6820,4467,7934,0.299695392
BK0504,Spring Creek-Starrett City,Brooklyn,13565,6400,6346,5783,563,54,7165,6346,563,591,430,2128,1720,8320,630,1314,1470,665,1097,1170,598,741,408,227,35815,59115,3285,1280,1513,581,3735,4037,135,208,544,389,658,642,286,625,345,205,54288,4283,18842,30785,4037,733,15886,3941,2900,630,4744,1760,15886,1085,1254,1602,1347,1023,465,297,506,2905,1738,1104,2560,0.290527092
BK0505,East New York-City Line,Brooklyn,36528,20935,20878,19558,1320,57,15593,20878,1320,4111,2432,9059,6109,15789,1862,997,1167,1738,1778,3042,1282,2057,1037,829,52685,76408,4014,2726,1322,1087,5918,11096,949,322,864,1180,1184,2257,991,1880,696,773,60195,4693,29107,25210,11096,2250,48728,11196,13697,4331,5589,1448,48728,6333,2415,2448,2734,4397,2550,1268,2111,8139,4950,4568,6815,0.306504599
BK0601,Carroll Gardens-Cobble Hill-Gowanus-Red Hook,Brooklyn,49437,36385,36343,33779,2564,42,13052,36343,2564,5148,3946,8485,6589,26276,1897,966,1210,951,1572,2096,1846,3806,2778,9154,131836,212606,4902,3752,1284,1497,3463,14624,1125,187,549,606,663,1030,838,1975,1514,6137,161194,11652,104692,90047,14624,1641,61885,7698,14000,1583,7194,1537,61885,4813,1427,1458,2240,1151,2165,422,824,4242,3916,4731,34496,0.155713332
BK0602,Park Slope,Brooklyn,47450,37679,37679,35858,1821,0,9771,37679,1821,5090,4474,6648,5132,25471,783,388,471,657,870,1747,1451,3161,3497,12446,195859,275855,4532,4068,509,710,960,13547,141,53,93,234,234,641,549,1461,1727,8414,200000,11924,140435,120000,13547,258,58309,2732,11902,216,7241,461,58309,1781,334,617,477,882,705,319,350,3068,3011,3800,42965,0.057576396
BK0701,Windsor Terrace-South Slope,Brooklyn,20210,15058,15058,14025,1033,0,5152,15058,1033,1760,1446,3885,3087,10747,451,274,446,274,529,1033,806,1730,1388,3816,143449,194567,2328,2204,280,587,498,6931,198,73,303,54,137,405,452,1155,913,3241,187704,3816,74467,81478,6931,425,25444,2091,5690,369,3546,519,25444,1056,770,265,717,204,191,176,177,1677,2130,1550,16531,0.103463632
BK0702,Sunset Park (West),Brooklyn,40417,26850,26850,25376,1474,0,13567,26850,1474,3174,2522,8050,6029,17095,746,793,1139,1317,1558,2095,2545,2251,1675,2976,83835,119417,3960,2176,971,840,3660,10390,310,179,711,935,1017,1461,1481,1387,1043,1866,84823,6705,75498,41895,10390,1418,49397,8658,11658,2736,5834,1229,49397,2581,1954,4123,2440,2855,2011,1035,1776,7273,5165,4215,13969,0.21421679
BK0703,Sunset Park (Central),Brooklyn,33569,22137,22137,20461,1676,0,11432,22137,1676,2695,1978,7417,5341,13385,701,730,1227,1307,1879,2171,1623,1783,971,993,58683,82410,3008,1016,911,821,3496,9428,300,294,1103,1290,1438,1847,891,1092,557,616,53375,3957,50746,25507,9428,2074,42917,11269,10321,3549,5893,1881,42917,3466,3809,3994,4049,3522,3430,841,1280,6931,3828,2211,5556,0.335696625
BK0801,Prospect Heights,Brooklyn,19575,15556,15549,14840,709,7,4019,15549,709,1957,1493,2314,2128,10926,340,167,530,144,737,743,1055,1543,1460,4207,156985,224014,1856,1665,567,284,888,4803,26,56,93,0,292,270,267,485,613,2701,200000,6123,112266,103610,4803,172,23553,1511,4271,225,3094,178,23553,905,314,292,451,315,169,221,438,1879,1098,1862,15609,0.077190294
BK0802,Crown Heights (North),Brooklyn,72407,49802,49765,45467,4298,37,22605,49765,4298,5295,4048,8858,6240,36986,2577,2362,2697,2280,3232,4834,4128,6219,3694,4963,78094,107398,7495,5703,2951,2274,7746,17557,1090,642,1198,1043,2047,2462,1684,2830,1920,2641,79401,19429,74414,46771,17557,2712,85213,16858,15095,4223,10232,2522,85213,9245,3443,4170,3281,3358,3586,1035,2037,12013,8608,6572,27865,0.232822793
BK0901,Crown Heights (South),Brooklyn,42055,27791,27716,25170,2546,75,14264,27716,2546,3752,3008,7045,5309,20087,1132,1091,1954,1314,1862,2716,3037,3438,1797,1746,74676,96845,5307,3563,1723,1341,4531,11608,262,248,926,845,1183,1721,2092,2057,1108,1166,82396,8479,53046,37429,11608,1440,51745,9903,11435,2868,8009,1420,51745,3523,3719,2661,2484,2363,1713,931,1556,7581,6240,6602,12372,0.235477351
BK0902,Prospect Lefferts Gardens-Wingate,Brooklyn,38470,25118,25118,23385,1733,0,13352,25118,1733,2800,2228,4747,3761,19949,1388,1101,1383,1200,2161,2958,2304,3466,1505,2483,73114,103043,5755,3659,1604,1022,3816,9906,582,168,534,606,1061,1473,882,2156,826,1618,89993,10043,57770,46170,9906,1242,44643,7176,7862,1610,7597,1558,44643,3430,1848,1898,1472,2278,2224,674,1415,6202,5194,4054,13954,0.186534962
BK1001,Bay Ridge,Brooklyn,69360,44067,44054,41115,2939,13,25293,44054,2939,4831,3594,11600,6854,35277,1714,1182,1742,2387,2908,4640,4320,6858,3525,6001,92738,124307,10687,7634,2315,1182,4234,20496,561,361,662,1071,1475,2515,2456,4174,2273,4948,112974,14781,65513,52389,20496,1873,83668,9827,16693,2377,16371,2338,83668,4171,2093,3563,2874,3092,2987,1112,1570,9247,10368,7958,34633,0.141681084
BK1002,Dyker Heights,Brooklyn,32574,19437,19437,18060,1377,0,13137,19437,1377,2798,1620,5270,3132,13836,620,543,888,1180,1698,1922,1776,1928,1493,1788,75942,113312,4537,2988,1013,496,2245,10639,417,314,579,927,1519,1420,1148,1608,1232,1475,78124,3197,60028,38134,10639,1810,39888,7564,8401,2261,7237,1088,39888,2629,1872,3063,1808,1938,1690,853,1630,6043,3948,3688,10726,0.232209738
BK1101,Bensonhurst,Brooklyn,76841,47694,47672,44221,3451,22,29147,47672,3451,6964,4651,13485,9614,33803,1515,1925,2959,2828,3348,6071,4587,5213,2976,2381,67567,88565,9870,5897,3540,1730,8214,24750,957,558,1947,2396,2691,4263,3286,4166,2506,1980,72354,9053,39400,30127,24750,3453,95830,17269,20877,5175,15998,3216,95830,6392,3896,6981,6776,7364,4404,2743,2988,16212,10935,7850,19289,0.224736794
BK1102,Bath Beach,Brooklyn,24894,14369,14369,13710,659,0,10525,14369,659,2057,1019,4638,2831,10925,683,599,814,695,1382,1701,935,1488,958,1670,67745,105839,3290,2187,842,455,2473,7504,401,116,350,510,891,1101,813,1198,783,1341,86776,3421,42777,37597,7504,847,30595,4688,6749,1364,5740,1084,30595,2427,868,1393,1810,1437,1360,798,476,5165,3402,2138,9321,0.18831847
BK1103,Gravesend (West),Brooklyn,44373,26978,26978,24533,2445,0,17395,26978,2445,4200,2921,8310,5836,18322,975,1245,1528,1465,1576,2658,1994,2853,1989,2039,72131,100322,5384,2848,1875,859,4726,13119,440,411,851,1126,1121,2099,1424,2254,1685,1708,83979,5203,36788,33018,13119,2001,55226,11165,12687,3404,9226,2241,55226,3911,3076,4178,3103,2263,2343,786,1659,8239,6983,5254,13431,0.251616974
BK1201,Sunset Park (East)-Borough Park (West),Brooklyn,23963,14270,14270,12928,1342,0,9693,14270,1342,2305,1629,5378,3118,9029,634,482,669,733,1273,1650,1118,1249,610,611,62307,81170,2511,945,956,408,3022,6906,326,114,546,669,1321,1237,825,943,480,445,59956,2123,38123,23421,6906,1355,30273,7589,7983,2507,4208,1386,30273,2679,968,3942,2707,1844,2012,1048,1436,5244,2643,1948,3802,0.316696574
BK1202,Borough Park,Brooklyn,50143,28325,28325,26057,2268,0,21818,28325,2268,15681,7168,25885,13417,20829,1038,1315,2142,2477,2624,3520,2474,2286,1481,1472,54785,84043,4431,2006,1230,1041,7145,16995,574,703,1725,2039,2256,3020,2166,1969,1297,1246,57779,3834,32894,19895,16995,4552,88276,28585,41718,15762,8219,1592,88276,9821,8209,10555,7506,7603,6467,1113,2599,13522,7528,4482,8871,0.570069601
BK1203,Kensington,Brooklyn,30430,20087,20087,19077,1010,0,10343,20087,1010,2416,1926,5864,3999,14231,470,657,602,1011,976,2260,1797,2644,1511,2303,90851,127062,3436,2679,1203,1078,2736,8818,99,255,185,565,725,1370,1193,1435,1034,1957,100627,5413,72019,47333,8818,759,37468,4444,8408,944,5050,852,37468,1337,1308,1799,2277,957,2173,503,570,4833,3859,4714,13138,0.146040092
BK1204,Mapleton-Midwood (West),Brooklyn,26028,15252,15252,14391,861,0,10776,15252,861,3807,1853,8321,4667,11278,671,521,839,717,1129,1736,1551,1795,757,1562,75418,109272,3372,1622,583,472,2319,8291,255,211,598,417,808,1348,1262,1464,691,1237,85072,2987,41570,33206,8291,1200,36936,6673,12383,2623,5649,981,36936,2463,2069,2141,2114,1701,2161,660,965,6816,5092,3086,7668,0.256377747
BK1301,Gravesend (South),Brooklyn,22608,11769,11769,10852,917,0,10839,11769,917,1799,779,4303,2224,10575,993,987,671,862,1251,1293,1205,1612,777,924,57629,85321,3701,2088,1577,879,3581,7272,480,184,452,499,1003,915,1011,1260,655,813,77546,3303,26863,32708,7272,995,27851,5030,6271,1670,6159,1274,27851,2086,1390,1554,1075,2371,1739,372,410,4146,3372,2514,6822,0.222487615
BK1302,Coney Island-Sea Gate,Brooklyn,42425,19236,19236,16820,2416,0,23189,19236,2416,3351,1681,7468,4921,21770,1839,3355,2948,1790,2217,3015,1882,2014,1155,1555,41393,69191,9157,4458,3581,1484,9586,13244,709,511,1623,1279,1606,2280,1365,1701,910,1260,58140,8526,16599,28274,13244,2516,51338,14150,11156,3718,14098,4680,51338,4084,3494,6572,3560,4108,3208,1144,1442,6107,4658,3681,9280,0.333529758
BK1303,Brighton Beach,Brooklyn,24969,13813,13681,12983,698,132,11156,13681,698,1825,1094,3125,1553,13722,1103,1574,1792,1268,1813,1665,1202,1347,819,1139,44360,76088,4052,1943,2225,906,4280,7675,318,212,897,804,956,1037,896,918,651,986,65255,6047,24264,35182,7675,1437,29329,7182,4999,1595,7865,2569,29329,1720,2011,3451,2282,1767,1655,476,1058,4337,2436,1555,6581,0.287636669
BK1401,Flatbush,Brooklyn,56557,38038,37959,35941,2018,79,18519,37959,2018,4253,2766,7779,5297,26271,1393,1061,1740,1328,2653,4112,3364,5273,2453,2894,81304,103938,6153,3580,1599,1365,5764,15561,417,382,903,636,1625,2209,2082,3361,1690,2256,94313,10710,62933,41073,15561,1676,67795,10106,12938,2282,8571,1467,67795,5037,1695,3374,3303,2580,1966,1376,2824,10662,8558,8131,18289,0.178686988
BK1402,Flatbush (West)-Ditmas Park-Parkville,Brooklyn,32012,21309,21269,19944,1325,40,10703,21269,1325,3103,1829,5607,3763,15917,651,712,921,1214,1165,2262,1940,2792,1348,2912,88317,147726,4369,2812,1379,583,3005,9616,276,127,341,609,684,1454,820,1934,1122,2249,110775,6301,66723,57360,9616,1159,40361,6395,9188,1942,6858,1248,40361,1557,1536,3302,1500,1728,2373,485,715,5846,4593,2883,13843,0.199768837
BK1403,Midwood,Brooklyn,38447,22522,22522,21275,1247,0,15925,22522,1247,5001,2836,8634,5395,18399,1066,1437,1561,1269,1646,2560,2312,2831,1447,2270,71847,104869,5427,3325,1831,943,4442,11857,358,356,723,611,1102,1685,1631,1926,1295,2170,91760,6542,33482,37712,11857,1512,50490,8537,13736,2225,9361,1924,50490,3399,2715,2423,1988,2354,2828,927,1137,7210,6597,4544,14368,0.222045933
BK1501,Gravesend (East)-Homecrest,Brooklyn,38516,23317,23308,21432,1876,9,15199,23308,1876,5001,2382,8602,4290,17773,1297,812,1521,1182,1609,2784,2226,2919,1301,2122,71961,103000,5089,2508,1346,894,3560,12288,464,291,879,723,1004,1881,1811,2346,1010,1879,87450,5485,39418,35735,12288,1681,50961,8655,13849,2666,7656,1747,50961,3722,2099,2834,2942,2846,2857,985,1251,7889,5064,4884,13588,0.224711808
BK1502,Madison,Brooklyn,31911,18401,18380,17390,990,21,13510,18380,990,3256,2001,5233,3385,15024,939,978,1129,1052,1569,1902,1320,2468,1353,2314,74297,112584,4685,2968,1594,563,3151,10223,485,148,633,620,946,1301,1017,1938,1075,2060,99052,4801,37763,42518,10223,1345,39697,6558,8621,1344,8548,1769,39697,2790,1736,2032,2101,1503,1467,582,427,5878,4403,3753,13025,0.205509072
BK1503,Sheepshead Bay-Manhattan Beach-Gerritsen Beach,Brooklyn,53988,30282,30277,28647,1630,5,23706,30277,1630,3908,2256,8312,5412,26731,1617,1513,1836,1667,2684,3941,3358,4252,2419,3444,75799,106369,8903,6086,2061,1311,4890,17655,723,357,890,1050,1624,2306,2510,3080,2028,3087,93698,9076,43524,43323,17655,1842,64599,9011,12703,1991,14831,2888,64599,4330,1749,2932,2321,2494,2560,1233,1182,9572,8384,6101,21741,0.166907461
BK1601,Ocean Hill,Brooklyn,32105,19437,19437,17820,1617,0,12668,19437,1617,2570,2134,5070,3766,15340,1692,1087,1502,1096,1937,1856,1563,2590,920,1097,54277,80460,3777,2483,1202,1256,4407,8150,867,301,623,325,968,1056,1278,1413,645,674,73209,7190,35199,31670,8150,1569,39291,9723,7917,2020,4694,1201,39291,6383,887,2453,2138,1695,1994,401,1393,6279,5229,3277,7162,0.302850023
BK1602,Brownsville,Brooklyn,44002,23645,23625,20324,3301,20,20357,23625,3301,4877,3337,8702,6472,21475,3717,2575,2333,2013,2733,2741,2173,1929,715,546,35485,53401,6294,4029,3007,2708,10702,12902,1933,907,1097,1310,1983,2177,1048,1472,578,397,44020,8573,17991,20553,12902,4066,57335,21917,14762,7183,7224,2263,57335,12785,5115,4017,3843,3036,3480,661,1669,8949,4355,3008,6417,0.498090996
BK1701,East Flatbush-Erasmus,Brooklyn,38115,25717,25618,23525,2093,99,12398,25618,2093,2363,1601,5342,3912,18187,775,995,1078,872,2461,2701,2412,3031,1836,2026,77191,102583,4764,2425,1258,904,4383,10826,279,245,612,614,1383,1366,1627,2056,1086,1558,89043,7361,55448,40871,10826,1226,45316,7091,8313,1783,6330,916,45316,2626,1843,2622,1455,1664,1118,602,1495,8017,5854,5467,12553,0.186042241
BK1702,East Flatbush-Farragut,Brooklyn,28858,17027,17027,15382,1645,0,11831,17027,1645,1823,1436,4071,3039,12765,926,457,696,1196,1243,1755,1741,2340,865,1546,76571,101747,4841,3325,701,604,2146,8857,305,162,410,686,718,1134,1289,1987,824,1342,94655,3908,36907,38185,8857,825,34241,4390,6122,1143,7435,869,34241,2138,838,1414,1161,1083,1355,894,1119,4286,5728,3590,10635,0.152124194
BK1703,East Flatbush-Rugby,Brooklyn,31478,19952,19952,18230,1722,0,11526,19952,1722,2112,1556,4421,3348,14539,915,715,1112,1179,1729,2059,2044,2298,1110,1378,69832,91080,5253,3103,649,398,2787,9473,511,251,429,699,835,1453,1414,1759,1028,1094,84873,5066,41458,35543,9473,1269,37176,5671,6779,1799,7370,968,37176,2265,1802,1604,869,1800,1518,788,859,5900,5096,4909,9766,0.18015757
BK1704,East Flatbush-Remsen Village,Brooklyn,31043,18581,18581,16382,2199,0,12462,18581,2199,2944,2060,5046,4036,14502,1446,1070,1202,1257,1678,2925,1347,1572,1179,826,55132,75887,4867,3278,1362,1228,4222,9573,487,631,699,530,1315,1952,1001,1508,917,533,66537,4929,31371,28438,9573,1668,38292,8015,8560,2173,5955,1481,38292,4130,2079,1806,2007,2311,2305,1191,1087,6572,4655,4054,6095,0.258190252
BK1801,Flatlands,Brooklyn,53509,32879,32845,30242,2603,34,20630,32845,2603,4363,2994,8596,6436,23544,1369,611,1799,1720,2097,3415,2981,4282,2338,2932,81381,106109,8659,6509,1188,747,3471,16763,612,287,901,1037,1539,2358,1959,3415,2116,2539,96023,6781,46394,38420,16763,1775,65051,7973,13437,2585,12598,1464,65051,3504,1586,2883,2575,1598,2498,1613,847,11360,8443,7840,20304,0.149002971
BK1802,Marine Park-Mill Basin-Bergen Beach,Brooklyn,35361,20976,20934,20125,809,42,14385,20934,809,3094,2061,6793,5244,16014,527,418,991,816,1161,1676,2021,2941,1802,3661,106047,150182,6474,4572,671,376,1285,11934,275,276,552,402,570,981,1599,2321,1626,3332,124348,4080,54694,54838,11934,753,44430,3155,10080,824,9666,893,44430,1672,946,537,1119,1857,896,401,868,4956,4739,5389,21050,0.08922259
BK1803,Canarsie,Brooklyn,67845,40180,40144,37116,3028,36,27665,40144,3028,5267,3539,11125,8099,28851,2076,965,2302,1565,2524,4016,3856,5392,2731,3424,81336,105553,9843,6781,2207,1228,5663,21006,1142,441,1192,966,1764,2785,2869,4610,2348,2889,94282,7845,43968,37533,21006,2491,82079,11280,17294,3599,14453,1911,82079,6256,2459,2565,3635,2806,2883,1050,1812,10923,13192,9768,24730,0.166261331
BX0101,Mott Haven-Port Morris,Bronx,42553,22393,22345,19122,3223,48,20160,22345,3223,4332,2284,9949,5516,21501,3470,3109,2985,2277,2775,2491,1188,1770,807,629,30199,53332,5609,2666,4245,3121,11508,13395,2003,977,1662,1630,2090,1899,817,1250,697,370,37546,8106,16784,20684,13395,4476,56423,22865,15163,7827,6426,2875,56423,11909,5409,5547,4717,3374,3027,1006,1362,7405,3867,4150,4650,0.537329918
BX0102,Melrose,Bronx,30879,17099,17046,14448,2598,53,13780,17046,2598,3667,2194,6549,4558,15820,3201,1787,1832,1545,2563,1792,827,1293,675,305,32606,48634,3767,1434,2127,2481,8126,10087,1799,569,1208,1088,1722,1200,485,1230,580,206,37987,5733,14548,19720,10087,3429,40070,15304,10692,4977,4932,2155,40070,9425,3145,2734,3018,4121,1813,715,1299,4117,3642,2368,3673,0.495611905
BX0201,Hunts Point,Bronx,10760,6710,6710,5915,795,0,4050,6710,795,1321,1134,2107,1741,5244,533,443,614,726,917,877,368,304,304,158,40832,55975,1558,964,528,661,2085,3179,222,121,302,359,724,540,287,217,328,79,47206,2065,27198,21222,3179,694,13621,4006,3428,1172,1841,381,13621,2001,778,1227,596,908,1329,204,754,2520,1444,409,1451,0.372304833
BX0202,Longwood,Bronx,30971,17725,17669,15067,2602,56,13246,17669,2602,3065,2147,7507,5350,14477,2004,1695,2050,888,2125,1754,1392,1606,680,283,39181,57350,4277,2073,2461,1773,7401,8906,823,376,1271,593,1437,1409,1122,1101,519,255,49408,5571,16621,21068,8906,2359,40457,13518,11149,4698,4658,1532,40457,7185,2664,3669,2907,2504,1517,876,1994,6319,5157,2148,3517,0.436472829
BX0301,Morrisania,Bronx,26947,14538,14538,12298,2240,0,12409,14538,2240,3196,2031,5603,3662,13851,2369,1678,1646,1745,1500,1939,1782,604,353,235,32026,46617,3367,1529,2279,2089,6687,8004,819,483,800,1193,1127,1437,1260,583,178,124,42977,5847,16443,18852,8004,2236,35606,13090,9748,4144,3675,1570,35606,6105,3375,3610,2238,2827,2478,1049,421,6817,3327,1324,2035,0.48576836
BX0302,Claremont Village-Claremont (East),Bronx,17816,8416,8416,7218,1198,0,9400,8416,1198,1456,771,4278,2700,8402,1241,1358,1340,602,1587,1171,588,305,153,57,28140,42285,2126,1231,2359,1373,4659,5123,607,394,1055,335,865,867,573,217,168,42,37622,3279,14933,16557,5123,2058,22601,10354,6031,3625,2945,1459,22601,4760,3371,2223,2122,1463,650,222,302,3967,2089,640,792,0.581163
BX0303,Crotona Park East,Bronx,22347,13052,13052,11343,1709,0,9295,13052,1709,2268,1565,5046,3246,11411,1519,1290,1286,1114,1317,2218,928,920,422,397,40734,58987,3034,1501,1430,1050,5493,7155,611,444,997,522,1138,1342,764,620,389,328,47890,4256,23528,23593,7155,1743,28982,8813,7664,2853,3362,1077,28982,4512,2088,2213,2494,2569,1331,586,1087,4399,3277,1450,2976,0.394370609
BX0401,Concourse-Concourse Village,Bronx,52628,30665,30626,27401,3225,39,21963,30626,3225,4327,2480,10081,6818,26681,3625,3059,3119,1632,3384,4058,3334,2432,1169,869,42205,61190,7528,3548,3950,2661,11229,14392,1654,811,1125,966,2314,2529,2075,1656,790,472,53445,12289,22911,24868,14392,4154,65507,21518,15014,5937,8532,3530,65507,9910,4854,6754,2403,2602,4468,2241,1817,11645,6862,4949,7002,0.408869803
BX0402,Highbridge,Bronx,23842,13809,13809,12643,1166,0,10033,13809,1166,2302,1698,5284,4079,12001,1342,1294,1119,1803,1297,1854,1647,818,521,306,40312,57621,2813,1737,1838,1233,6066,7319,422,568,713,1176,840,1298,1042,695,316,249,49300,4682,26086,22998,7319,2096,31114,10473,8128,3501,3340,1003,31114,4262,3633,2578,2238,1474,1880,348,521,4331,3894,3661,2294,0.43926684
BX0403,Mount Eden-Claremont (West),Bronx,38356,22842,22842,19710,3132,0,15514,22842,3132,4200,2583,9256,6146,17600,2257,1641,1837,1739,2883,2629,1917,1752,699,246,43385,58772,4343,1970,2420,1852,8721,12147,1371,557,1247,1245,2097,2293,1610,1100,395,232,47596,5453,19816,20663,12147,3190,50721,15387,14080,4883,5442,2128,50721,7844,3231,4312,4768,2678,5269,1266,1307,9541,3487,3703,3315,0.401162791
BX0501,University Heights (South)-Morris Heights,Bronx,41590,24394,24394,21547,2847,0,17196,24394,2847,4058,2405,8807,5668,18984,3224,1798,2341,1978,2319,2969,1512,1678,725,440,36016,54493,5004,2211,3216,2216,9995,11951,1415,685,1123,1510,1761,2308,1172,1156,471,350,46746,7033,20108,20026,11951,3357,53388,18310,13724,5950,5393,1775,53388,10241,3831,4238,3762,3673,3695,1657,1190,9172,5424,2360,4145,0.44025006
BX0502,Mount Hope,Bronx,36045,22200,22176,18972,3204,24,13845,22176,3204,4149,3004,7814,6028,16965,2142,1882,1816,1323,2354,2934,1883,1743,456,432,44118,55460,3581,1637,1672,1571,6949,10738,1012,681,741,1034,1789,1998,1598,1177,385,323,51799,6227,20998,20660,10738,2753,47005,14896,12403,4635,4492,1899,47005,7001,3831,4064,3529,3292,2549,489,1341,8437,7132,2010,3330,0.413261201
BX0503,Fordham Heights,Bronx,24126,15236,15236,13137,2099,0,8890,15236,2099,3091,2294,5872,3940,10631,1844,962,1236,1016,1180,1582,1334,926,348,203,39516,53895,1745,1142,874,1256,5285,7720,1215,465,751,678,1053,1322,1039,924,247,26,47160,2911,17825,18137,7720,2401,32504,10586,9453,3521,2220,953,32504,5916,2837,1833,1936,2720,2822,259,467,6643,4602,1109,1360,0.43877974
BX0601,West Farms,Bronx,13236,7391,7391,6054,1337,0,5845,7391,1337,1436,1009,3306,2457,6977,886,1292,963,786,989,639,562,586,209,65,28672,47084,1692,851,1188,1027,4005,4136,614,492,600,466,588,391,411,392,136,46,32959,2841,23268,18633,4136,1716,17656,7936,4915,3249,2098,687,17656,3500,1940,2496,1522,892,728,72,372,2702,1248,907,1277,0.599576911
BX0602,Tremont,Bronx,24609,14302,14286,12552,1734,16,10307,14286,1734,2545,1867,5583,3811,11709,1769,1725,1284,906,1265,2086,983,900,406,385,37559,56178,2912,1388,2005,1558,6495,7687,850,562,715,682,935,1708,788,759,358,330,51294,4022,14621,21251,7687,2167,32122,10845,8549,3176,3366,1469,32122,5352,2383,3110,2141,3206,1890,281,580,5027,2837,2170,3145,0.44069243
BX0603,Belmont,Bronx,28059,15698,15698,13562,2136,0,12361,15698,2136,2784,1746,6208,4339,12548,1754,1889,1873,1034,1498,1914,1082,1064,180,260,32710,52834,2738,1000,2166,1462,6670,7176,855,472,1271,729,786,1354,789,622,118,180,40581,5372,20144,18795,7176,2489,33356,13345,9282,4370,3627,1888,33356,6461,2580,4304,2044,2760,2355,794,700,5443,2190,1862,1863,0.475604975
BX0701,University Heights (North)-Fordham,Bronx,35092,21737,21658,18177,3481,79,13355,21658,3481,3649,2606,6169,4727,16299,2251,1749,1495,1668,1748,2627,2141,1778,471,371,43366,57700,4595,1896,1671,1483,6821,9963,877,490,873,982,1449,1948,1414,1185,434,311,53445,6336,19962,21416,9963,2272,43117,11531,9983,3089,4868,1927,43117,5216,3767,2548,2435,2169,2714,2379,1533,7415,6753,3380,2808,0.328593412
BX0702,Bedford Park,Bronx,40927,25881,25781,22288,3493,100,15046,25781,3493,4149,2204,7745,5422,20692,1845,2211,2074,1479,3265,3747,2341,2213,1037,480,46618,62651,5160,2646,2070,1543,8353,12488,858,671,1069,958,2308,2501,1430,1747,563,383,53155,8204,30716,24365,12488,2643,52003,13341,12425,4027,6438,1519,52003,5769,3955,3617,4460,4177,2732,924,2180,8882,6110,3914,5283,0.325970631
BX0703,Norwood,Bronx,30752,19677,19642,17847,1795,35,11075,19642,1795,3397,1740,5999,4105,14935,1710,1302,1537,1310,1776,2500,2001,1593,782,424,48692,68318,2767,1627,1536,1263,5309,8738,831,444,743,629,1170,1770,1215,948,663,325,56417,6197,29695,26233,8738,2062,38911,10832,9557,3603,3170,1165,38911,5607,2678,2547,1981,1903,2103,1081,1536,6475,4791,3709,4500,0.352237253
BX0801,Kingsbridge Heights-Van Cortlandt Village,Bronx,26812,16429,16369,14671,1698,60,10383,16369,1698,2884,2263,5243,4442,13351,1197,850,1648,775,1419,2349,1405,1842,1526,340,57110,74468,4081,2284,1430,695,4315,7607,452,203,769,472,1146,1177,1070,1193,796,329,66082,5744,42650,29245,7607,1327,33590,7772,8337,2405,4967,1126,33590,4145,1226,2401,2191,957,1113,1001,1365,5945,3990,4142,5114,0.289870207
BX0802,Kingsbridge-Marble Hill,Bronx,18381,10852,10852,9976,876,0,7529,10852,876,1747,1100,4256,2591,9592,946,818,921,892,1024,1867,1006,1272,484,362,52386,68849,2684,1931,852,967,2898,6106,533,387,449,675,656,1259,658,809,376,304,56893,3486,45231,27826,6106,1468,24011,7302,6258,3137,3183,668,24011,4341,1344,1617,1382,1340,882,274,978,2946,2752,2345,3810,0.397258038
BX0803,Riverdale-Spuyten Duyvil,Bronx,39470,21322,21322,20144,1178,0,18148,21322,1178,2463,2059,6430,5227,19998,503,363,609,1333,1719,2194,2390,3847,2290,4750,109535,149491,8160,7103,610,425,1353,10543,151,41,138,437,587,711,888,2258,1631,3701,151854,9455,75802,64472,10543,362,43134,2664,9089,381,11866,824,43134,1257,648,759,820,861,621,375,712,3535,5197,4512,23837,0.067494299
BX0901,Soundview-Bruckner-Bronx River,Bronx,51478,28200,28200,25552,2648,0,23278,28200,2648,5861,3526,11080,7033,24414,3376,1632,2842,2415,3353,3788,3032,2199,884,893,43452,60433,6490,3896,2953,2346,9041,16038,1966,752,1613,1594,2199,2727,2117,1700,600,770,49167,8376,28714,22270,16038,4326,67018,20337,17431,6998,8357,2361,67018,11325,4940,4072,4666,4950,2873,1439,1683,12412,6950,3354,8354,0.395061968
BX0902,Soundview-Clason Point,Bronx,28934,16199,16167,14053,2114,32,12735,16167,2114,2757,1900,5068,3402,13271,1247,1803,1436,932,1066,2012,1244,1837,915,779,51609,73018,4401,2989,2426,1140,5136,8693,523,399,754,641,838,1605,938,1705,580,710,68107,4578,16440,26247,8693,1607,36055,8959,8185,2335,5850,1599,36055,5163,1288,2508,2437,1013,1839,1491,994,4948,5560,2410,6404,0.309635723
BX0903,Castle Hill-Unionport,Bronx,29467,15979,15979,14579,1400,0,13488,15979,1400,2159,1133,5468,3610,12810,1478,902,976,1052,1794,2248,1231,1648,790,691,51834,73956,4617,2719,1353,808,4025,8707,983,465,457,708,956,1625,1065,1157,711,580,59891,4103,35626,26217,8707,1885,36410,8335,7989,2471,6320,1629,36410,5188,1475,1672,2163,2526,1676,288,1450,6077,4423,3879,5593,0.282858791
BX0904,Parkchester,Bronx,23178,14459,14459,12897,1562,0,8719,14459,1562,2704,1366,3875,2570,12471,1010,658,1044,1061,1321,2461,1460,2509,483,464,61442,77392,3222,2243,830,611,2517,7179,453,187,365,516,745,1614,846,1707,457,289,69510,5292,39984,31946,7179,1172,29627,6637,6928,2552,4245,869,29627,2928,2207,1502,1666,975,2551,415,646,5347,2515,3212,5663,0.286349124
BX1001,Westchester Square,Bronx,12211,7051,7034,6562,472,17,5160,7034,472,1156,655,2466,1380,5317,526,372,594,350,524,1114,472,793,239,333,55166,72051,1368,655,626,648,1740,3475,222,95,333,217,374,747,423,588,177,299,65339,1842,25411,25035,3475,696,15094,3533,3756,1175,1886,707,15094,1593,728,1212,1026,1406,464,553,694,2552,1611,1186,2069,0.289329293
BX1002,Throgs Neck-Schuylerville,Bronx,39168,23654,23633,21869,1764,21,15514,23633,1764,3240,2189,6980,5138,17188,1387,643,997,858,2088,1862,2007,2852,2277,2217,84453,106226,5870,4252,1502,822,3321,11851,509,150,522,413,1428,1422,1423,2285,1832,1867,101286,5337,40560,37467,11851,1137,46936,6723,10563,1790,7196,1258,46936,3781,1256,1686,1679,1554,1649,758,915,6447,7444,5113,14654,0.171645221
BX1003,Pelham Bay-Country Club-City Island,Bronx,22790,13830,13830,12696,1134,0,8960,13830,1134,1588,1310,3671,2894,11464,827,377,854,992,1095,1536,1290,1723,1132,1638,75987,103485,4088,2951,648,569,1708,7003,224,120,287,379,599,1138,862,1310,792,1292,96880,4461,36639,43560,7003,587,27380,3381,5412,850,5511,674,27380,1976,574,831,1214,1148,760,411,515,3706,3472,3004,9769,0.148354541
BX1004,Co-op City,Bronx,31126,17672,17648,16502,1146,24,13454,17648,1146,2239,1981,2639,2479,16686,705,829,1650,1554,2080,2888,2656,2756,1215,353,64204,75250,6581,4637,1268,502,2591,9773,206,191,643,850,1279,1752,1768,1833,949,302,74516,6913,44964,34658,9773,769,35834,4198,5976,734,9319,1404,35834,1500,1024,1674,1215,1683,3176,560,795,5269,5641,5699,7598,0.134871169
BX1101,Pelham Parkway-Van Nest,Bronx,22667,15302,15302,13748,1554,0,7365,15302,1554,2329,1524,4103,3130,10799,837,272,948,800,1056,2054,1332,1866,917,717,68188,85839,2133,1623,985,567,3317,7032,423,81,575,538,698,1314,931,1264,600,608,72825,3767,54247,32441,7032,1136,28438,5201,6518,1645,3256,616,28438,2476,815,1910,1316,1234,1130,232,677,5174,4196,3390,5888,0.229452508
BX1102,Morris Park,Bronx,18734,11918,11905,11035,870,13,6816,11905,870,1312,904,3043,2249,8597,596,359,353,511,754,1599,1034,1716,885,790,78057,96642,2271,1873,649,449,1274,5496,171,61,181,239,487,888,708,1245,799,717,100405,3101,49540,35899,5496,449,21982,2804,4435,573,3332,454,21982,1291,559,954,878,612,793,58,762,3494,3419,2631,6531,0.149674389
BX1103,Pelham Gardens,Bronx,23683,13307,13252,12315,937,55,10376,13252,937,1609,792,3988,2935,9286,661,385,345,616,683,1306,1139,1917,933,1301,89199,109850,3091,2342,695,352,1736,6868,261,180,208,439,544,960,941,1356,849,1130,97368,2418,49998,35790,6868,666,26943,3363,5782,1253,4494,530,26943,1961,493,909,626,869,1075,523,728,4258,3867,3511,8123,0.142000591
BX1104,Allerton,Bronx,26624,15176,15176,13555,1621,0,11448,15176,1621,2643,1643,4629,3211,14208,1469,1343,1619,1561,1648,2617,1530,1374,586,461,45598,61706,4113,2550,1484,971,4832,8056,443,195,828,735,978,2125,940,1088,436,288,59986,6152,25765,26222,8056,1408,32891,8113,7537,2264,5271,1474,32891,3944,2144,2025,2175,1395,2619,272,925,6629,3680,2325,4758,0.30472506
BX1201,Williamsbridge-Olinville,Bronx,44679,26890,26890,24306,2584,0,17789,26890,2584,4711,2781,8804,5965,21152,2087,1405,2250,1546,2726,3327,2392,2737,1275,1407,54678,76211,6060,3668,2212,1971,6922,13824,956,610,1408,964,1630,2193,1779,2193,1072,1019,66486,7328,36559,28290,13824,2977,56937,13964,14082,4650,7734,1932,56937,6781,4010,3173,2973,2271,2452,646,1146,11164,7660,4589,10072,0.312540567
BX1202,Eastchester-Edenwald-Baychester,Bronx,41772,25197,25143,22672,2471,54,16575,25143,2471,3640,2958,8562,7082,17819,1338,1172,1880,959,1460,2641,2170,2972,1591,1636,69232,91147,5225,3784,1787,1109,4817,12737,458,475,1139,695,920,1897,1707,2654,1401,1391,86488,5082,28773,31081,12737,1968,51911,9432,12888,3373,7364,872,51911,4373,3295,1764,2460,2887,1515,1441,898,7858,6360,5821,13239,0.225797185
BX1203,Wakefield-Woodlawn,Bronx,40493,24544,24500,22271,2229,44,15949,24500,2229,3593,2567,5859,4046,18441,1349,848,1130,1059,1532,3043,2448,2890,2099,2043,77649,99841,6115,4825,1253,1222,3777,12270,679,277,723,402,1010,1826,1805,2200,1639,1709,91868,6171,51963,35786,12270,1592,49273,8398,9828,2248,8914,1238,49273,4253,2026,2119,1744,1381,2483,162,928,7901,7658,4825,13793,0.207393871
MN0101,Financial District-Battery Park City,Manhattan,42669,35180,35180,33952,1228,0,7489,35180,1228,2711,2024,3688,2629,23665,494,342,334,435,937,1153,1745,3204,3256,11765,198961,288293,2518,1892,265,270,586,9123,234,12,189,104,130,205,412,817,1412,5608,200000,14542,167697,144585,9123,291,47172,2866,6462,450,4008,401,47172,2180,249,437,316,658,338,392,339,1724,2223,3127,35189,0.067168202
MN0102,Tribeca-Civic Center,Manhattan,19520,13823,13823,13453,370,0,5697,13823,370,1767,1326,2311,1632,9667,314,262,152,143,127,676,621,702,964,5706,200000,508980,1527,722,154,262,407,5258,38,15,82,61,41,374,238,423,407,3579,200000,4409,193041,211362,5258,165,21379,1306,4099,137,2826,381,21379,511,227,568,53,99,348,196,50,680,1546,992,16109,0.066905738
MN0201,SoHo-Little Italy-Hudson Square,Manhattan,20098,14810,14810,14263,547,0,5288,14810,547,717,509,1554,908,12127,663,381,630,544,591,844,945,2172,1393,3964,132900,263371,2303,1428,421,240,1068,4243,107,0,105,295,224,264,273,660,336,1979,178793,7884,117406,138449,4243,201,21777,2159,2271,140,3833,542,21777,1068,421,670,428,1024,473,146,266,1290,1362,1399,13230,0.107423624
MN0202,Greenwich Village,Manhattan,29212,19998,19976,18825,1151,22,9214,19976,1151,966,696,1371,909,15521,658,265,280,304,998,1296,995,2258,1468,6999,174062,293975,3716,2906,143,320,248,5159,53,25,49,54,95,261,136,467,426,3593,200000,10362,123159,147349,5159,118,27064,2009,2360,31,5599,416,27064,1348,411,250,218,223,387,70,185,1375,1573,1515,19509,0.068773107
MN0203,West Village,Manhattan,30051,23102,23102,21388,1714,0,6949,23102,1714,952,701,1788,975,18891,830,329,674,439,829,1380,1803,2439,1939,8229,168629,278142,3304,3218,172,240,404,5600,59,0,23,14,314,275,227,585,659,3444,200000,13291,131916,164340,5600,59,32011,1993,2755,36,5478,521,32011,1384,284,325,395,427,376,316,240,1557,2377,1590,22740,0.066320588
MN0301,Chinatown-Two Bridges,Manhattan,33951,17168,17168,15310,1858,0,16783,17168,1858,1093,766,4323,1966,18224,2309,2531,2368,2001,1943,1821,1370,1622,908,1351,34385,73307,6957,2395,2480,1852,7468,9709,525,948,1387,1424,1260,1245,760,950,513,697,40945,8515,23408,37105,9709,2475,38479,11634,5460,2592,9842,3376,38479,5609,3046,2979,2928,1071,2590,611,1454,4690,3629,2528,7344,0.342670319
MN0302,Lower East Side,Manhattan,40677,23201,23171,21667,1504,30,17476,23171,1504,1563,928,4065,2945,21633,1949,1879,2463,1480,2216,2069,2019,3149,1438,2971,58841,103095,6673,3944,2490,1754,6110,9474,714,369,1024,743,1033,1113,876,1339,682,1581,69200,12159,49589,51301,9474,1882,45582,10315,6012,2031,9946,2731,45582,4836,2428,3051,2401,2338,1882,634,887,5721,4118,3151,14135,0.253583106
MN0303,East Village,Manhattan,63253,40237,40223,37987,2236,14,23016,40223,2236,2099,1623,3341,2194,33691,3887,2400,2592,1296,2232,4321,2584,4080,3381,6918,76136,136990,7146,4331,2426,1860,5998,9579,943,433,818,407,1130,1200,550,873,778,2447,71671,24112,76695,71228,9579,1931,63168,14090,5534,1457,10131,3431,63168,8344,3101,2645,2412,2677,1332,300,1092,7113,5846,3601,24705,0.222756233
MN0401,Chelsea-Hudson Yards,Manhattan,56623,42038,42023,39668,2355,15,14585,42023,2355,1990,1257,3782,2797,35763,1765,1555,1469,1110,2126,3976,2696,5300,4261,11505,126272,208851,7097,4522,1555,864,2959,10741,316,429,407,294,530,585,766,1050,959,5405,200000,25022,110716,123760,10741,997,60791,7479,5923,1115,9367,1369,60791,3898,2288,1293,1142,1365,953,705,375,3800,4829,3569,36574,0.132084135
MN0402,Hell's Kitchen,Manhattan,51733,37963,37963,35929,2034,0,13770,37963,2034,1630,1313,1821,1497,33402,1948,1039,3041,1253,2383,3627,2751,4815,3816,8729,105839,165062,6852,5163,1742,1087,3419,9426,271,32,801,326,701,760,806,1268,869,3592,139771,23976,94205,100795,9426,547,54828,6726,3506,439,9802,1770,54828,3608,1536,1582,1500,2224,1515,652,540,4831,5056,3691,28093,0.130013724
MN0501,Midtown South-Flatiron-Union Square,Manhattan,27496,20526,20526,19291,1235,0,6970,20526,1235,1027,865,1362,887,15736,1278,328,346,383,740,962,911,1907,1569,7312,182280,278931,2440,1868,510,210,798,4256,142,0,128,61,67,105,58,265,417,3013,200000,11480,138344,156758,4256,242,27042,3461,2401,323,3562,400,27042,2166,953,342,421,368,218,100,152,1212,1389,1187,18534,0.125872854
MN0502,Midtown-Times Square,Manhattan,20454,14151,14146,13416,730,5,6303,14146,730,564,429,828,269,12921,842,721,724,659,568,636,999,1348,1145,5279,148446,248030,3029,2076,771,372,1070,3790,78,28,99,82,29,171,214,286,214,2589,200000,9131,104936,162349,3790,169,21650,2771,1392,29,4845,849,21650,1522,667,582,287,426,358,128,69,1182,897,1450,14082,0.135474724
MN0601,Stuyvesant Town-Peter Cooper Village,Manhattan,19394,13281,13281,12725,556,0,6113,13281,556,886,590,1997,1457,10690,491,87,244,138,143,792,1332,1763,1635,4065,160855,217541,3294,3177,253,256,539,4837,0,0,57,22,112,417,428,443,635,2723,200000,5853,118120,106497,4837,38,21963,1644,2910,0,4030,181,21963,1366,34,244,150,63,411,0,60,842,1557,2558,14678,0.084768485
MN0602,Gramercy,Manhattan,23913,16854,16854,16338,516,0,7059,16854,516,1232,1130,1516,1304,13798,962,422,735,349,296,901,1055,2062,1572,5444,153720,219042,2932,2272,271,384,907,4230,49,17,231,15,0,102,154,408,668,2586,200000,9568,115550,115786,4230,266,24049,2808,2753,211,4015,511,24049,1547,1018,243,256,424,221,171,80,1101,923,1000,17065,0.117425668
MN0603,Murray Hill-Kips Bay,Manhattan,50375,37378,37378,36180,1198,0,12997,37378,1198,1725,1425,2667,2046,30799,1288,600,1247,1547,1243,2688,2335,5134,3340,11377,141463,198522,6801,6045,232,601,1032,9014,214,68,417,73,297,676,278,842,913,5236,200000,21785,117600,118040,9014,353,53312,4348,4592,113,9248,942,53312,2924,929,495,906,353,865,206,1349,3059,4116,3052,35058,0.086312655
MN0604,East Midtown-Turtle Bay,Manhattan,37976,26897,26896,25303,1593,1,11079,26896,1593,1898,1583,2298,1563,23244,1044,426,1103,653,1126,1330,2026,2787,2790,9959,170196,266919,7158,5366,277,314,409,9390,63,0,408,109,276,243,688,484,1182,5937,200000,13854,120086,152279,9390,434,41637,3092,4219,52,11795,733,41637,1347,576,1169,1015,395,459,36,282,1604,1842,2886,30026,0.081419844
MN0701,Upper West Side-Lincoln Square,Manhattan,58260,40218,40218,37750,2468,0,18042,40218,2468,4463,3032,6045,3589,36461,2144,1037,1424,1149,1470,3364,2748,3851,3546,15728,164712,265317,9345,7565,660,484,2105,15027,561,102,158,317,311,1142,677,1432,943,9384,200000,21434,111896,144427,15027,873,66115,7141,10723,1439,13358,1381,66115,4500,1228,1413,657,1309,1030,441,378,3987,3541,3345,44286,0.122571232
MN0702,Upper West Side (Central),Manhattan,84372,56717,56717,54496,2221,0,27655,56717,2221,6257,4383,9583,7097,47697,2211,958,1619,1605,1839,4075,3478,7190,4679,20043,159333,281096,14520,11634,965,1226,1809,21955,646,163,167,327,515,649,950,3297,2018,13223,200000,25742,103653,138084,21955,1049,98219,8122,16028,852,21940,2050,98219,4732,1556,1834,2238,1130,1533,335,505,4546,4476,7860,67474,0.096264163
MN0703,Upper West Side-Manhattan Valley,Manhattan,45157,28889,28792,26640,2152,97,16268,28792,2152,2400,1720,4253,2698,22959,1857,1458,1433,1158,1148,1800,2613,3453,1864,6175,100165,163108,7370,5246,1621,953,3449,11254,365,338,362,464,519,842,1299,1714,1107,4244,142457,11705,65213,75650,11254,964,50278,8365,6855,1933,10849,1850,50278,5332,1628,1405,2024,924,1635,313,215,4762,3824,3798,24418,0.185242598
MN0801,Upper East Side-Lenox Hill-Roosevelt Island,Manhattan,68256,48387,48387,46405,1982,0,19869,48387,1982,5162,3474,7327,4613,41398,2112,1035,1338,1342,2268,4177,3472,6588,4214,14852,137355,229738,9020,7469,1024,840,1654,17476,430,135,499,361,354,1202,1267,1948,1778,9502,200000,23922,104862,120271,17476,885,77796,6819,12497,683,14204,1031,77796,3846,2248,725,727,979,1117,1043,594,5707,6490,4669,49651,0.099903305
MN0802,Upper East Side-Carnegie Hill,Manhattan,46036,28603,28603,27301,1302,0,17433,28603,1302,2502,1967,6415,4238,26603,980,338,790,715,1081,1763,1853,2987,2498,13598,200000,365554,10325,6841,289,499,353,13650,270,55,100,165,376,620,566,1055,1138,9305,200000,12953,120173,183807,13650,395,53794,2766,8999,289,16288,849,53794,1902,390,474,499,564,587,176,549,3095,2223,2937,40398,0.060083413
MN0803,Upper East Side-Yorkville,Manhattan,70123,48626,48543,46223,2320,83,21497,48543,2320,4067,3060,5434,4323,42356,1874,1121,1389,1721,1697,3428,3883,6328,4905,16010,147475,233345,11675,9752,956,986,2423,17662,474,173,149,196,137,989,1182,1786,1839,10737,200000,24694,104523,126320,17662,813,78448,5752,9674,643,17716,1578,78448,3324,1022,1406,790,316,1003,720,566,4315,5919,4462,54605,0.082027295
MN0901,Morningside Heights,Manhattan,34703,20010,20010,18130,1880,0,14693,20010,1880,1250,978,2117,1715,12594,1626,584,740,692,854,1265,1076,1398,1411,2948,87452,160737,3326,2787,601,330,1235,5583,427,178,349,395,232,336,306,551,625,2184,151399,7011,66015,57202,5583,772,26878,6496,3690,961,5173,588,26878,4939,956,601,519,1033,689,39,347,2513,1219,2232,11791,0.187188428
MN0902,Manhattanville-West Harlem,Manhattan,18085,10847,10847,9436,1411,0,7238,10847,1411,1305,948,2661,1767,8311,776,784,1360,435,1072,1585,726,654,399,520,46819,68658,2383,802,1132,830,3048,3700,303,254,571,144,691,768,262,284,197,226,47711,4611,44066,28147,3700,1111,21918,6377,4457,1604,2905,1135,21918,2291,1589,2497,1143,2083,1197,413,979,3969,2000,1118,2639,0.352612662
MN0903,Hamilton Heights-Sugar Hill,Manhattan,45434,31002,30984,27908,3076,18,14432,30984,3076,2414,1976,5222,3889,19568,1828,1190,1525,1558,1679,2608,2313,2695,2054,2118,68527,97799,4940,2662,1726,1222,4968,9673,525,455,859,920,835,1200,1404,1440,845,1190,75756,9895,57983,40434,9673,2052,52154,12301,7754,2556,7227,2362,52154,5783,3452,3066,1645,1975,2544,605,1363,6915,6815,5689,12302,0.270744376
MN1001,Harlem (South),Manhattan,40837,28075,28075,25812,2263,0,12762,28075,2263,2890,2243,5179,3888,21018,1438,1371,1770,1408,2033,2590,2044,2820,1770,3774,74007,127066,4530,2473,1256,987,3453,9524,389,178,574,398,1133,1219,605,1416,1033,2579,108877,11494,53009,57599,9524,1075,48674,8741,8824,1174,5288,1256,48674,4162,1634,2945,1646,1861,2757,280,1603,6899,3319,3360,18208,0.214046086
MN1002,Harlem (North),Manhattan,70709,44020,44016,38571,5445,4,26689,44016,5445,5886,3844,10049,6824,37040,4494,3062,3768,2952,3968,5091,3878,4115,2370,3342,51386,85095,8957,5578,4038,3221,10521,17439,1711,969,1487,1362,2281,2576,1758,2094,1255,1946,60251,19601,40626,39408,17439,4307,85591,23325,17075,5503,10769,3273,85591,11163,5847,6315,5753,3031,3088,1404,2534,12446,9935,4836,19239,0.329873142
MN1101,East Harlem (South),Manhattan,49182,27188,27188,24519,2669,0,21994,27188,2669,3743,2285,6357,4275,25874,3605,3113,2944,2032,2496,3384,1859,1969,1305,3167,42076,91582,7591,3624,3293,2402,6910,12693,1397,1347,1272,1203,1443,1614,785,1004,825,1803,46015,13181,34958,43527,12693,3909,56163,16379,10369,3766,9902,3636,56163,7918,4952,3509,3953,3643,2626,1424,1230,6319,4114,3596,12879,0.333028344
MN1102,East Harlem (North),Manhattan,51381,29337,29321,26225,3096,16,22044,29321,3096,3878,2423,8855,5398,27881,4459,3524,3115,2048,2712,3926,2289,2695,1548,1565,39957,69405,7174,2735,3809,3259,9094,12542,1474,1090,1397,1158,1288,1797,1152,1295,890,1001,47993,15339,27538,32922,12542,3831,62749,21276,13434,5792,8359,3071,62749,10099,5970,5207,4320,3770,2317,1275,1636,5579,6858,5255,10463,0.414083027
MN1201,Washington Heights (South),Manhattan,65546,40786,40786,34998,5788,0,24760,40786,5788,2975,2145,6846,5493,27773,2557,2559,2477,2110,2613,4864,3142,4001,1614,1836,56929,80254,8981,3862,3860,2397,9199,13822,944,790,972,1213,1405,2793,1729,2199,687,1090,63735,13951,45843,38072,13822,2694,73433,16279,10437,2944,13221,4357,73433,6520,4836,4923,3728,4109,4065,1790,3346,12625,9471,5126,12894,0.24835993
MN1202,Washington Heights (North),Manhattan,64582,44484,44484,39159,5325,0,20098,44484,5325,3866,3579,7547,6270,29278,2202,1307,2101,2017,2711,3857,3202,5417,2386,4078,78465,121775,7527,4771,1981,1844,6921,15763,683,358,894,1197,1207,2086,1870,2992,1343,3133,94470,13515,58680,50369,15763,1860,73842,9961,11991,1360,11443,2722,73842,4352,2461,3148,3237,4382,2748,1136,2176,12061,9821,6801,21519,0.154238023
MN1203,Inwood,Manhattan,31823,21907,21907,20098,1809,0,9916,21907,1809,2335,1665,4671,4021,15208,934,1087,1335,916,1481,2489,1682,2478,1434,1372,68523,93844,4186,2188,1783,976,5058,7992,310,264,650,652,750,1137,606,1401,1094,1128,84611,7216,56313,41337,7992,1045,38165,5672,7036,1314,5729,1301,38165,2018,1774,1880,2116,2329,1259,740,1133,5952,4731,3369,10864,0.178235867
QN0101,Astoria (North)-Ditmars-Steinway,Queens,41735,29015,29015,26854,2161,0,12720,29015,2161,3308,2192,4266,2737,20294,1020,400,1052,1059,1149,2926,2578,4072,2540,3498,99639,127269,4595,3020,528,584,1718,10904,379,62,490,552,650,1388,1336,2126,1637,2284,114468,9390,82752,54721,10904,747,48762,4801,7689,805,6639,833,48762,2619,1223,959,1613,1462,1873,314,694,6719,5640,6071,19575,0.115035342
QN0102,Old Astoria-Hallets Point,Queens,11630,7832,7832,7239,593,0,3798,7832,593,950,654,1040,679,6136,308,596,363,396,320,679,586,1109,716,1063,92319,125421,1361,920,564,321,1164,2879,169,195,161,135,186,328,268,394,355,688,99765,3257,83667,54635,2879,501,13495,2577,2207,526,1688,636,13495,1324,426,827,555,636,301,344,324,1602,1067,1107,4982,0.221582115
QN0103,Astoria (Central),Queens,43050,33293,33276,31124,2152,17,9757,33276,2152,1830,1512,3577,2335,23274,981,527,1003,917,1557,3377,2605,4403,3823,4081,106539,141111,3894,2934,773,913,2048,9348,188,87,298,459,513,1253,991,1540,1757,2262,126059,13926,95629,68788,9348,545,47544,4617,5477,682,5613,968,47544,2080,1031,1506,1581,1328,2017,566,684,5644,4888,5378,20841,0.107247387
QN0104,Astoria (East)-Woodside (North),Queens,32279,22644,22641,20814,1827,3,9635,22641,1827,2224,1316,3676,2344,16560,914,580,907,1200,1468,2842,2208,3253,1533,1655,79177,106665,3702,2439,576,983,2050,8639,309,99,407,621,848,1543,967,1932,800,1113,87731,7921,68863,46112,8639,692,37516,4069,5948,726,5127,736,37516,2098,790,1181,1535,2063,1518,1030,1314,5424,5345,4679,10539,0.126057189
QN0105,Queensbridge-Ravenswood-Dutch Kills,Queens,23231,14686,14686,13441,1245,0,8545,14686,1245,1805,1028,2573,1600,12910,1229,1128,1130,629,1215,1837,1421,1485,1049,1787,63572,97661,3084,1960,939,1274,3008,6039,518,203,322,309,592,1093,815,665,671,851,74525,6871,50100,46341,6039,1028,27350,5658,4480,1341,4075,1154,27350,3137,1081,1440,1444,1072,1577,380,805,4272,2971,1738,7433,0.243553872
QN0201,Long Island City-Hunters Point,Queens,23856,20085,20065,19121,944,20,3771,20065,944,2718,2320,2004,1157,14090,409,307,241,606,333,839,1328,2596,1595,5836,162099,212439,1019,633,198,173,330,6357,58,29,63,296,170,384,255,832,678,3592,200000,7733,129632,104168,6357,122,28332,2076,4754,79,1412,390,28332,1138,497,441,426,846,376,179,180,1667,1764,1606,19212,0.087022133
QN0202,Sunnyside,Queens,40561,28227,28223,26408,1815,4,12334,28223,1815,2633,1707,5230,3498,21049,899,598,1080,1287,1987,3907,3229,3527,2103,2432,80933,104451,4124,2975,715,1140,2055,10716,359,219,236,544,997,1831,1418,2039,1247,1826,95661,10333,66471,46314,10716,850,47194,5599,7899,1069,6415,953,47194,3211,985,1403,2167,2010,2395,412,1004,6412,6736,4889,15570,0.138039003
QN0203,Woodside,Queens,40181,26340,26340,25135,1205,0,13841,26340,1205,3021,2126,5180,3904,18523,657,442,1025,1797,2053,3155,2483,3034,1857,2020,76333,113903,5069,3589,601,1012,2222,11058,264,130,297,912,921,2281,1592,1939,1159,1563,86368,7465,51261,43986,11058,707,47465,3944,8369,685,7721,811,47465,1844,675,1425,1366,2634,3168,613,1472,9892,7725,4834,11817,0.098155845
QN0301,Jackson Heights,Queens,78435,51512,51512,46953,4559,0,26923,51512,4559,5802,3927,11318,7281,34943,1392,1461,2693,2201,3552,5807,4610,5841,3528,3858,76981,105091,10257,6587,2002,1579,5637,23008,604,791,1183,1349,2484,4107,3041,4268,2587,2594,83105,11935,57943,39066,23008,2605,93976,13139,17503,3669,15648,2189,93976,5483,4846,2810,4182,4503,4620,1385,2344,15997,13332,8571,25903,0.167514502
QN0302,East Elmhurst,Queens,22846,13824,13814,12989,825,10,9022,13814,825,1350,814,3569,2293,7791,370,145,324,410,929,1438,1104,1633,799,639,81328,98928,2581,1415,481,220,1735,5839,219,53,195,328,866,876,1001,1078,690,533,84552,1952,62557,28315,5839,567,26885,3768,5304,1072,3743,405,26885,1920,1107,741,1125,1167,1236,680,741,6098,3703,3151,5216,0.164930404
QN0303,North Corona,Queens,30972,22111,22101,21133,968,10,8861,22101,968,3044,1972,6137,4141,9733,274,260,516,555,942,1956,1704,2055,829,642,80332,95308,1629,904,434,336,2515,7558,206,138,427,493,869,1654,1386,1537,464,384,74875,2175,65640,24116,7558,952,39456,6802,9923,2678,3533,367,39456,2196,1198,3408,1853,1996,2697,1076,2352,9567,5761,4076,3276,0.219617719
QN0401,Elmhurst,Queens,82725,55322,55322,52332,2990,0,27403,55322,2990,5514,3172,14138,9341,32794,1154,1215,2222,2084,3978,6594,5399,5341,2116,2691,71466,91703,7786,3304,1755,1038,7004,23047,694,361,1351,1637,3007,4527,4175,3834,1669,1792,74683,9747,52134,30099,23047,2369,100150,11985,20218,2735,13358,2217,100150,4863,2308,4814,5917,5812,7502,1988,2857,24848,13963,10420,14858,0.144877607
QN0402,Corona,Queens,53196,32903,32903,30591,2312,0,20293,32903,2312,4786,2838,9383,6429,20215,1094,1113,1875,1780,2057,3516,2456,3583,1354,1387,66188,84836,5743,2933,1990,1117,6007,14815,499,296,1252,1730,1577,3058,2084,2471,937,911,66988,5400,28297,25658,14815,2055,65797,12528,14985,4537,9141,2009,65797,4487,3706,4335,4627,3896,3840,1885,2449,12603,10860,6256,6853,0.235506429
QN0501,Maspeth,Queens,33998,21328,21320,19899,1421,8,12670,21320,1421,2862,1935,5856,4116,14750,710,419,820,931,1707,2129,1590,2551,1951,1942,85360,108459,4476,3299,585,505,1720,10429,454,146,416,573,1167,1280,1252,2061,1431,1649,98530,4321,52938,38674,10429,999,41686,5448,8983,1963,6226,838,41686,3036,1039,1373,1580,1954,1955,275,1061,4938,5802,5533,13140,0.16024472
QN0502,Ridgewood,Queens,56998,40493,40445,37576,2869,48,16505,40445,2869,4327,2767,7814,5412,25071,1258,542,1539,1238,2253,4364,3746,4418,2836,2877,83952,106731,5078,3514,1043,1117,3133,14729,466,194,851,690,1655,3090,1915,2300,1743,1825,80462,10342,77454,39928,14729,1525,68209,8865,12313,1853,7312,1205,68209,3692,1663,3510,2174,4121,3643,600,2093,13807,10086,5932,16888,0.155531773
QN0503,Glendale,Queens,28901,18652,18598,17652,946,54,10249,18598,946,2712,1677,5025,3758,12733,300,246,675,793,1387,1718,1678,2578,1699,1659,93584,119985,3662,2969,837,552,1322,9186,184,79,323,447,695,1344,1507,1863,1385,1359,100354,3547,51259,42987,9186,607,36047,3079,7929,708,5507,539,36047,1238,521,1320,948,1093,1380,315,954,5591,6220,4964,11503,0.106536106
QN0504,Middle Village,Queens,29150,17914,17883,17122,761,31,11236,17883,761,1623,1013,4347,3485,12864,457,304,768,974,1163,1729,1441,2396,1662,1970,92989,115220,4661,3619,617,499,1223,9001,135,141,240,474,838,1376,926,1587,1528,1756,110302,3863,45655,43666,9001,404,34205,2496,6126,463,7737,616,34205,1046,883,567,1245,1140,1231,269,827,4761,5000,4278,12958,0.085626072
QN0601,Rego Park,Queens,24308,15221,15200,14315,885,21,9087,15200,885,1764,1368,3713,2535,12524,730,638,936,788,1244,1593,1522,2173,1280,1620,80469,109421,3952,2608,833,406,1940,7398,293,218,573,282,630,779,966,1203,1103,1351,98911,5126,54231,46475,7398,735,29339,3717,5535,551,6082,1348,29339,1783,731,1203,1759,873,926,256,565,2983,4807,3075,10378,0.152912621
QN0602,Forest Hills,Queens,75935,49347,49328,47194,2134,19,26588,49328,2134,5667,4276,11628,8079,40182,2406,846,2606,1873,2699,5152,3916,7769,4845,8070,103420,138684,11149,8457,2224,1025,4038,23806,732,266,1003,1016,1304,2603,2156,4383,3611,6732,132471,16376,68350,61129,23806,1920,91137,8584,17490,1913,18306,2340,91137,3632,1663,3289,2626,2647,2592,779,1069,8911,9409,8796,45724,0.113044051
QN0701,College Point,Queens,24748,15153,15153,13722,1431,0,9595,15153,1431,2241,1853,4465,3457,9743,192,171,416,853,1196,1249,1183,2146,1228,1109,91788,110095,3543,2211,348,403,1392,7606,111,61,212,536,817,979,993,1738,1077,1082,102868,2137,46057,34192,7606,428,30356,2763,6816,828,5886,691,30356,1151,515,1097,1860,1147,1561,371,772,5337,4820,3757,7968,0.111645385
QN0702,Whitestone-Beechhurst,Queens,24299,14045,14045,12819,1226,0,10254,14045,1226,1872,1094,2972,2208,10975,307,254,432,839,973,1348,1538,2205,1155,1924,96690,132586,4437,3614,355,363,771,7511,141,122,171,330,605,837,1157,1460,1010,1678,114471,3464,62733,51944,7511,521,28491,2577,5015,716,7181,444,28491,944,601,1032,891,1049,1026,391,404,3844,2787,3128,12394,0.106053747
QN0703,Bay Terrace-Clearview,Queens,19799,10442,10404,9853,551,38,9357,10404,551,1509,1109,2572,1459,10158,782,123,410,409,610,1387,1191,1804,1645,1797,104357,128035,4513,3688,539,320,689,5796,140,55,181,175,281,502,502,1187,1191,1582,145092,4362,67558,55757,5796,350,23356,2048,4140,310,6653,1015,23356,1170,565,313,440,566,533,63,658,2224,2246,3061,11517,0.103439568
QN0704,Murray Hill-Broadway Flushing,Queens,45342,26765,26704,25308,1396,61,18577,26704,1396,2821,1365,6213,3968,19740,1591,558,1406,1686,1408,3414,2924,2914,1888,1951,73518,100114,6299,3624,939,731,2237,14187,706,255,893,1524,976,2493,1984,2127,1582,1647,78105,5553,51721,37315,14187,1925,53091,9076,9211,2361,10999,2365,53091,4329,2275,2472,1959,2442,2108,1814,956,7838,7056,5552,14290,0.200167615
QN0705,East Flushing,Queens,26040,14751,14743,13697,1046,8,11289,14743,1046,1610,897,2591,1779,10964,720,810,1030,936,1224,1819,983,1625,641,1176,59016,88472,4048,2063,1103,568,1963,7456,242,187,599,673,933,1251,772,1305,576,918,71936,3508,27944,33083,7456,862,29975,4816,4329,559,7874,2065,29975,1675,923,2218,2168,1602,1837,356,907,4133,4538,3078,6540,0.184946237
QN0706,Queensboro Hill,Queens,15962,9337,9337,8833,504,0,6625,9337,504,1418,715,2678,1782,6047,426,86,483,305,702,1071,717,993,632,632,73641,99333,1811,1227,309,265,556,4726,217,22,368,267,457,889,659,785,557,505,80424,1321,45322,31481,4726,658,19865,2888,4362,935,3870,464,19865,1115,890,883,329,653,2114,499,1141,4036,1884,2598,3723,0.180929708
QN0707,Flushing-Willets Point,Queens,52740,31040,30976,28569,2407,64,21700,30976,2407,2639,1652,4980,3475,25778,2489,1509,2719,3613,2320,4097,2364,3556,1673,1438,51113,76915,7736,3935,1901,1529,5017,16250,1016,734,1285,2734,1724,2438,1858,2295,1275,891,54552,9528,32438,31369,16250,3209,58974,12830,7775,1978,13260,4253,58974,5599,2569,4662,3908,4650,3421,2239,2309,7150,5598,6475,10394,0.243268866
QN0801,Kew Gardens Hills,Queens,27635,17880,17868,16766,1102,12,9755,17868,1102,3809,2538,4513,3230,12607,633,344,816,1291,1097,1585,1268,2370,1506,1697,85596,106859,3428,2464,452,478,1999,8706,184,167,412,637,747,1096,770,1782,1328,1583,108541,3901,42982,38395,8706,937,34213,4061,8552,990,5698,742,34213,1721,992,1348,1901,748,1281,681,748,4578,4405,2454,13356,0.14695133
QN0802,Pomonok-Electchester-Hillcrest,Queens,29566,16770,16770,15507,1263,0,12796,16770,1263,2213,1163,4234,2895,12433,1076,618,843,1092,928,1562,1395,2354,1110,1455,76746,97675,4050,3306,872,444,2599,8508,312,212,422,755,606,1120,981,1913,906,1281,96074,3925,33821,34521,8508,863,33386,4593,6930,1000,6133,1137,33386,2279,860,1454,1560,1371,1260,659,1554,4368,4253,4014,9754,0.155347358
QN0803,Fresh Meadows-Utopia,Queens,17032,10827,10827,10360,467,0,6205,10827,467,1406,1098,2724,1956,7811,377,78,490,248,733,1193,1038,1593,1022,1039,93941,120311,2567,1630,257,340,838,5571,188,19,217,133,401,806,875,1128,849,955,108248,2240,59288,46425,5571,326,20815,1606,4179,291,4184,416,20815,872,330,404,648,800,1267,271,356,3666,1931,2012,8258,0.094293095
QN0804,Jamaica Estates-Holliswood,Queens,20414,12696,12696,11710,986,0,7718,12696,986,1207,813,3175,2130,8972,454,297,369,378,1028,1362,1153,1826,788,1317,87965,128695,3018,1877,383,317,966,6211,107,78,234,121,656,929,718,1581,659,1128,106716,2761,51167,47962,6211,404,23893,2467,4576,616,4899,456,23893,1251,510,706,487,456,906,334,1025,3880,3747,2414,8177,0.120848437
QN0805,Jamaica Hills-Briarwood,Queens,31307,19769,19761,17823,1938,8,11538,19761,1938,3420,1753,4234,3016,14165,585,662,696,954,939,2387,1700,3041,1569,1632,87638,107677,3500,2236,647,1485,1857,8912,108,92,441,707,515,1423,1007,2222,1264,1133,102908,5253,65287,39385,8912,753,37651,4942,7698,1042,6078,1201,37651,1641,1172,2129,1037,1754,1584,806,1450,4723,4659,5211,11485,0.157856071
QN0901,Kew Gardens,Queens,19812,13550,13503,12673,830,47,6262,13503,830,1863,1081,2924,2226,10396,370,350,774,362,784,1738,1272,1943,1159,1644,91115,126794,2713,1756,334,118,1055,5539,86,68,498,143,450,726,604,1110,697,1157,107377,4857,73141,55145,5539,349,24196,1950,4942,253,4258,622,24196,766,538,646,1230,705,795,205,137,4404,2236,2688,9846,0.098425197
QN0902,Richmond Hill,Queens,27605,17429,17401,16351,1050,28,10176,17401,1050,2297,1203,4754,3434,10390,501,267,453,529,1194,1527,1475,2007,1158,1279,87270,110062,3140,1934,708,487,1500,7855,205,47,337,361,704,1399,991,1639,1096,1076,97059,2535,48595,36918,7855,563,33514,3570,7256,780,4952,625,33514,1795,855,920,2205,1024,1970,403,345,5865,5679,3062,9391,0.129324398
QN0903,South Richmond Hill,Queens,19766,12058,12011,11222,789,47,7708,12011,789,1048,618,3123,1914,6399,344,106,391,684,463,688,1141,1203,539,840,86469,107740,1887,1069,510,371,1310,5263,182,38,241,398,482,694,930,1125,515,658,91033,1136,27602,30376,5263,513,23312,2918,4275,773,3132,442,23312,1334,642,942,1338,1495,609,544,576,4453,3289,2862,5228,0.147627239
QN0904,Ozone Park (North),Queens,21350,13503,13503,12566,937,0,7847,13503,937,1791,1151,3374,2050,7374,257,163,357,543,826,1065,986,1269,838,1070,87067,120533,2119,1392,552,388,1377,6136,170,130,258,455,675,869,773,1181,812,813,91525,1238,56127,43800,6136,738,26089,4023,5363,1242,3526,436,26089,1355,1342,1326,520,1023,776,287,963,5028,3151,3061,7257,0.188430913
QN0905,Woodhaven,Queens,34073,21042,21028,19465,1563,14,13031,21028,1563,2406,1527,5582,3501,11775,439,206,679,599,1173,1502,1947,2155,1304,1771,91556,114557,3357,1926,750,512,1690,9386,227,173,393,541,1041,1162,1520,1750,1070,1509,94011,2389,60731,34010,9386,780,41104,4152,8371,1074,5507,615,41104,1953,1184,1015,1880,1966,1682,645,1263,7494,6815,4606,10601,0.121856015
QN1001,South Ozone Park,Queens,67853,42582,42574,38447,4127,8,25271,42574,4127,4700,2773,9181,6157,22539,961,569,971,944,2109,2789,3135,4903,3162,2996,98335,120590,7797,4542,1508,1061,4066,18845,508,357,773,736,1638,2399,2699,4313,2839,2583,103294,3694,52632,33872,18845,1645,80561,9395,14338,2167,13519,1620,80561,4692,2919,1784,2935,3261,3441,728,2693,13101,13427,9319,22261,0.138461085
QN1002,Ozone Park,Queens,18771,11081,11081,10420,661,0,7690,11081,661,1668,1226,3142,2421,7514,270,282,352,683,913,963,983,1250,781,1037,82476,108815,2577,1617,632,380,1246,5577,149,65,166,404,766,867,549,998,721,892,91915,1937,47461,34832,5577,487,23153,2412,4974,594,3818,354,23153,1260,524,628,1252,750,1694,417,942,3649,3121,1291,7625,0.128496084
QN1003,Howard Beach-Lindenwood,Queens,24528,13685,13670,12531,1139,15,10843,13670,1139,3138,2490,3977,3404,11523,651,540,481,490,1099,1560,1202,1886,1350,2264,94559,135426,5487,3652,566,240,1165,7834,87,126,149,242,492,1341,822,1541,978,2056,123365,3689,41548,50306,7834,346,31090,1911,7202,102,7705,1064,31090,741,567,603,584,1188,848,263,252,4716,4768,3720,12840,0.077910959
QN1101,Auburndale,Queens,28801,17897,17897,16879,1018,0,10904,17897,1018,1614,1004,4637,3413,12625,476,207,536,740,1121,2051,1666,2146,1783,1899,92728,120584,4370,3381,776,393,902,9311,336,40,313,389,817,1377,1093,1726,1508,1712,108280,3314,63820,43980,9311,770,34056,3162,6331,671,7146,700,34056,1428,602,1132,1362,1943,667,431,976,3927,4141,3601,13846,0.109787855
QN1102,Bayside,Queens,29079,18169,18168,17238,930,1,10910,18168,930,2614,1913,4291,2712,12648,598,326,626,744,635,1335,1377,2613,1499,2895,110049,136937,4205,3004,466,433,1025,9199,295,110,323,451,558,939,922,1783,1231,2587,123032,3449,73288,49980,9199,667,35249,3351,6989,747,6853,681,35249,1690,507,1154,795,1081,989,564,467,3885,3664,3706,16747,0.1152378
QN1103,Douglaston-Little Neck,Queens,21742,12918,12918,12277,641,0,8824,12918,641,1128,609,3017,1996,9983,367,63,304,335,1004,1063,1074,2033,1659,2081,115480,147372,4178,3401,353,244,643,7041,104,124,165,224,517,618,498,1375,1542,1874,145644,2942,68953,58927,7041,382,25483,1672,4309,368,6727,565,25483,625,350,697,703,717,530,133,371,3092,2303,2801,13161,0.076901849
QN1104,Oakland Gardens-Hollis Hills,Queens,20635,13018,13018,12426,592,0,7617,13018,592,1838,1504,3392,2609,9991,464,147,592,481,655,1197,1319,2259,1083,1794,102730,124360,3109,2725,382,198,575,6812,182,43,182,256,321,774,844,1759,925,1526,121542,3179,59479,49317,6812,407,25549,1751,5311,381,5541,678,25549,888,339,524,1025,818,401,10,618,2368,3246,3022,12290,0.084855827
QN1201,Jamaica,Queens,46320,28960,28933,25990,2943,27,17360,28933,2943,3877,1899,7940,5272,17665,1213,969,1245,1830,2011,3019,2638,2704,1186,850,59944,79985,4196,2492,999,2120,4039,12663,408,360,686,1526,1488,2651,2119,1783,893,749,65130,5002,33708,26160,12663,1876,56636,10407,12225,2674,8423,1572,56636,4757,1800,3850,3141,4772,4436,1174,1667,10899,7529,4836,7775,0.224676166
QN1202,South Jamaica,Queens,33429,21331,21314,18441,2873,17,12098,21314,2873,3617,2769,6656,5347,12481,672,820,826,844,1193,1892,1603,2018,1246,1367,74912,96654,3615,2223,971,1818,3137,9964,273,351,470,680,977,1624,1413,1930,1131,1115,85738,2517,25011,28408,9964,1182,42911,5434,10756,1384,5538,888,42911,2492,1812,1130,2957,2394,2103,684,1027,8854,5375,4856,9227,0.162553472
QN1203,Baisley Park,Queens,34640,22206,22164,20158,2006,42,12434,22164,2006,2452,1562,6022,4544,13192,882,386,536,1029,1287,1977,1744,2674,1262,1415,82152,106411,4108,3097,842,661,2166,10065,419,161,281,617,892,1614,1374,2293,1122,1292,94076,3127,40588,34093,10065,925,42816,4957,9111,1495,6014,621,42816,2746,983,1228,1487,1872,1819,359,1452,8224,6844,4533,11269,0.143100462
QN1204,Springfield Gardens (North)-Rochdale Village,Queens,26381,16716,16684,15286,1398,32,9665,16684,1398,2223,1832,4384,3492,12576,1090,373,394,1191,1303,2067,1558,2034,1400,1166,73248,94619,4739,3372,691,692,2028,8492,485,143,119,748,752,1225,1018,1828,1252,922,94006,4084,43389,36753,8492,733,32754,3679,7005,886,5793,603,32754,2525,722,432,1390,798,1220,193,1125,5428,3663,6008,9250,0.139456427
QN1205,St. Albans,Queens,45425,27938,27938,26703,1235,0,17487,27938,1235,2888,2157,7389,5653,16310,779,331,613,716,1172,2534,2007,3375,2191,2592,100043,121237,5816,4490,1131,553,2741,12567,342,135,295,446,906,1740,1661,2883,2025,2134,113278,3743,53572,37719,12567,798,54812,4943,11077,955,8370,1035,54812,2779,1182,982,1272,773,1509,575,1223,9652,8379,7789,18697,0.108816731
QN1206,Hollis,Queens,18979,11987,11987,10890,1097,0,6992,11987,1097,1186,829,2728,2072,6829,280,211,358,399,596,1225,941,1371,639,809,84178,106266,2341,1301,405,236,961,5271,130,127,193,260,377,1027,777,1100,516,764,91778,1558,44998,32111,5271,424,22227,2224,4142,494,3793,329,22227,1173,667,384,443,871,1000,284,631,3922,3862,3282,5708,0.117182149
QN1301,Glen Oaks-Floral Park-New Hyde Park,Queens,19786,10807,10807,10390,417,0,8979,10807,417,1121,761,2026,1426,8938,402,178,337,310,669,1300,775,1851,1398,1718,110237,160604,4596,3154,536,133,603,5365,39,69,181,221,256,715,464,1070,859,1491,126583,3573,78181,63348,5365,296,22190,2231,3331,374,7144,772,22190,670,534,1027,782,303,249,206,411,2939,2239,2401,10429,0.112756494
QN1302,Bellerose,Queens,22997,13840,13840,12861,979,0,9157,13840,979,1707,1241,2802,2192,8514,201,77,483,327,557,1148,1286,1696,1314,1425,107765,126636,3227,2706,259,377,666,6691,43,23,327,200,373,770,1026,1381,1201,1347,127056,1823,62547,44708,6691,331,26960,2222,4643,523,6447,470,26960,1030,820,372,738,640,1324,264,340,3397,2479,4412,11144,0.096621298
QN1303,Queens Village,Queens,47535,29944,29845,27034,2811,99,17591,29845,2811,2505,1695,6464,4789,16986,579,737,555,1064,1531,2227,2179,3303,2151,2660,95650,116366,6922,4970,1085,979,2349,13689,219,238,288,797,1183,1730,1873,3166,1816,2379,108297,3297,42886,36124,13689,813,55665,4969,9448,1186,11358,1370,55665,2007,1336,1626,2007,1387,2380,596,1016,10419,7935,7271,17685,0.104533502
QN1304,Cambria Heights,Queens,16994,10386,10375,9808,567,11,6608,10375,567,916,863,2234,1925,6465,184,178,237,320,422,822,647,1401,933,1321,114138,128549,3053,2762,482,266,642,4971,58,41,113,128,235,680,495,1269,844,1108,127277,1494,43207,42774,4971,223,19846,1208,3269,158,4708,454,19846,515,204,489,193,350,630,244,397,3340,2234,2488,8762,0.071083912
QN1305,Laurelton,Queens,22836,14220,14087,13416,671,133,8616,14087,671,1308,1030,3494,2830,8726,185,137,374,233,594,928,1286,2200,1272,1517,112321,131467,3676,3099,383,224,1008,6604,75,30,114,130,487,612,994,1701,1087,1374,124430,2122,70672,43223,6604,196,27096,1376,5052,281,4923,385,27096,733,287,356,570,229,663,485,642,4712,3959,3917,10543,0.060255737
QN1306,Springfield Gardens (South)-Brookville,Queens,19574,12905,12905,11993,912,0,6669,12905,912,1560,1066,3174,2572,6721,102,76,158,173,492,884,991,1738,1249,858,113251,127691,2045,1234,263,397,794,5322,101,30,97,98,403,630,845,1355,1060,703,115151,1399,86094,36928,5322,217,23955,2362,5036,400,2829,181,23955,1444,511,407,416,842,468,222,756,3519,4533,3312,7525,0.120670277
QN1307,Rosedale,Queens,22682,14524,14524,13481,1043,0,8158,14524,1043,1496,959,3445,2740,8351,129,82,409,186,899,1137,901,1891,1171,1546,110038,131689,3283,2743,543,290,956,6377,110,10,194,164,618,917,658,1553,815,1338,115060,1974,69481,42082,6377,404,26872,2485,5077,878,4509,310,26872,706,198,1581,491,518,1480,364,536,4400,2887,2775,10936,0.10955824
QN1401,Far Rockaway-Bayswater,Queens,46718,26746,26746,24097,2649,0,19972,26746,2649,6063,3476,11048,8322,20173,2261,1838,1470,1499,1890,2999,1753,3209,1414,1840,58632,89044,6171,3701,3316,1099,6364,13109,925,273,846,846,1253,2146,1236,2893,1246,1445,80369,7064,22478,29459,13109,2084,60843,12140,17637,3439,8950,2401,60843,6091,3003,3046,3514,2186,4042,827,2031,10142,8851,5788,11322,0.259857014
QN1402,Rockaway Beach-Arverne-Edgemere,Queens,31981,17819,17819,16169,1650,0,14162,17819,1650,3344,2231,7655,4879,15707,1530,895,1488,1877,1678,1770,1550,1921,1624,1374,53981,86502,5181,3777,1428,1563,4627,9996,797,302,719,886,1042,1289,1058,1585,1189,1129,74146,5711,30964,32922,9996,2110,41298,10560,11527,4118,5674,1235,41298,4243,2911,3406,1735,2024,1657,654,1178,5201,4755,3194,10340,0.330196054
QN1403,Breezy Point-Belle Harbor-Rockaway Park-Broad Channel,Queens,20498,11791,11791,10973,818,0,8707,11791,818,1818,1278,3302,2660,9598,436,329,398,392,665,1066,929,1834,1416,2133,112035,141857,3837,3377,320,188,533,5984,152,64,142,170,282,604,431,1223,1109,1807,144691,3614,65379,55308,5984,342,24704,2245,5298,385,5241,742,24704,998,609,638,792,489,321,308,516,2648,2059,2071,13255,0.10952288
SI0101,St. George-New Brighton,Staten Island,16254,9779,9767,8938,829,12,6475,9767,829,1284,615,3142,1830,7269,635,408,473,532,574,1206,1138,1103,474,726,70449,97499,2125,1473,542,635,1927,4408,394,80,330,316,221,912,596,692,294,573,73404,2861,59284,38074,4408,934,19803,5246,4484,1699,2679,736,19803,2313,1100,1833,770,1016,546,111,275,2935,2931,1194,4779,0.322751323
SI0102,Tompkinsville-Stapleton-Clifton-Fox Hills,Staten Island,14076,8060,8023,7614,409,37,6016,8023,409,1145,588,2598,1342,6064,646,332,555,318,820,1338,382,1029,180,464,57276,77629,1448,1067,723,744,2184,3790,287,64,424,161,566,666,240,777,164,441,66396,2274,42821,27159,3790,842,16953,4493,3899,1525,2095,486,16953,1901,1566,1026,774,863,939,80,675,2753,2188,1461,2727,0.319195794
SI0103,Rosebank-Shore Acres-Park Hill,Staten Island,18994,11392,11329,10724,605,63,7602,11329,605,810,667,3388,2407,8852,727,504,724,654,968,909,1115,1450,835,966,73470,95024,3139,2053,804,654,2139,5646,266,180,304,294,561,610,784,1198,659,790,94386,3206,35365,37417,5646,687,22668,3352,4353,717,3785,609,22668,1550,943,859,1434,1496,454,321,976,2507,2286,2795,7047,0.176476782
SI0104,West New Brighton-Silver Lake-Grymes Hill,Staten Island,28640,17428,17404,16519,885,24,11212,17404,885,2405,1712,5422,3712,12706,853,314,567,519,849,1746,1318,2470,1771,2299,104132,126127,3834,3434,716,506,1863,8611,342,117,205,203,477,1043,1066,1756,1479,1923,128405,4095,57570,45832,8611,637,34322,3594,7927,1064,5035,692,34322,2275,519,800,846,866,590,264,523,5212,4262,4786,13379,0.125488827
SI0105,Westerleigh-Castleton Corners,Staten Island,25821,15674,15674,14913,761,0,10147,15674,761,2233,1733,4266,2678,10781,356,108,252,535,913,1245,1075,2076,1670,2551,120470,137331,3292,3320,449,148,786,7682,102,33,52,313,560,565,809,1455,1485,2308,148220,3099,65693,52950,7682,241,31449,2057,6621,436,5076,243,31449,1216,725,116,1145,1288,908,45,561,2136,3218,3820,16271,0.07966384
SI0106,Port Richmond,Staten Island,15900,9580,9570,8731,839,10,6320,9570,839,2138,1155,3273,1440,6406,593,133,453,360,834,801,620,1261,701,650,76168,100990,1620,1460,280,575,1269,4591,315,67,236,231,588,509,442,1083,635,485,94766,1815,41188,30969,4591,746,20869,4613,5457,1746,2073,377,20869,2596,978,1039,817,943,924,165,408,3664,2848,1658,4829,0.290125786
SI0107,Mariner's Harbor-Arlington-Graniteville,Staten Island,26226,16337,16337,14973,1364,0,9889,16337,1364,1943,1016,5238,3288,10998,941,337,734,393,866,1415,1562,1930,1580,1240,88011,108748,3330,2643,816,1119,2190,7981,602,184,253,223,469,885,1250,1830,1253,1032,103108,3017,48748,37370,7981,1096,32770,5047,7398,1745,4559,700,32770,3290,951,806,1458,530,1183,532,897,4935,3550,3914,10724,0.192442614
SI0201,Grasmere-Arrochar-South Beach-Dongan Hills,Staten Island,30582,18784,18784,17710,1074,0,11798,18784,1074,1892,1307,4669,3533,13020,639,366,823,770,1347,1684,2086,2360,1138,1807,85557,114340,4611,3314,1135,563,2003,9211,200,88,492,358,1062,959,1532,2042,958,1520,98603,3809,53456,41094,9211,609,36044,3437,6770,629,6735,874,36044,1535,971,931,1868,1259,2071,666,671,4723,4244,5385,11720,0.112386371
SI0202,New Dorp-Midland Beach,Staten Island,23207,13430,13430,12594,836,0,9777,13430,836,1803,1157,4787,2609,9529,260,87,423,530,808,1550,1522,1854,1001,1494,93173,126356,2976,2771,612,366,1241,7380,105,54,171,377,539,1216,1344,1579,820,1175,97840,2149,63882,41600,7380,352,29277,2434,6739,881,4868,459,29277,1041,994,399,1186,870,1773,720,754,4491,4364,3106,9579,0.104882148
SI0203,Todt Hill-Emerson Hill-Lighthouse Hill-Manor Heights,Staten Island,26414,14704,14704,13942,762,0,11710,14704,762,2632,2015,5316,4023,10680,363,481,489,592,989,905,1006,2238,1164,2453,109072,153975,4516,3212,612,311,1243,8271,145,186,319,376,692,539,808,1856,1064,2286,122911,2409,44960,49239,8271,749,32529,4120,8138,1550,6774,938,32529,1341,677,2102,488,1052,905,298,810,3769,3389,3686,14012,0.155977891
SI0204,New Springville-Willowbrook-Bulls Head-Travis,Staten Island,35310,20838,20812,19864,948,26,14472,20812,948,2551,1712,5007,3037,15136,705,328,924,1005,1430,1777,1462,2785,1753,2967,98921,124123,6012,3893,767,433,1219,11218,430,147,409,576,906,1192,1164,2327,1571,2496,117710,3918,49186,44467,11218,1027,42238,4695,7954,1096,8023,1007,42238,2595,1049,1051,1228,1755,1441,903,743,4952,4523,3843,18155,0.132965166
SI0301,Oakwood-Richmondtown,Staten Island,16818,10542,10535,9794,741,7,6276,10535,741,1348,954,2536,1840,7774,322,146,371,687,644,674,754,1764,930,1482,109406,125694,2983,2406,295,74,823,5596,68,60,186,398,309,597,360,1322,907,1389,135490,2178,41576,47582,5596,310,20383,1579,3963,467,4096,315,20383,628,336,615,722,1488,541,206,493,1452,2202,1657,10043,0.093887501
SI0302,Great Kills-Eltingville,Staten Island,47501,29207,29207,27649,1558,0,18294,29207,1558,3028,2214,8652,6465,19655,870,291,989,804,1108,2394,2069,3601,3379,4150,119220,133994,7716,5899,674,372,1095,15560,245,138,527,359,870,1727,1631,3223,3103,3737,135617,4095,50077,46325,15560,872,57536,4351,11749,1332,10488,956,57536,1828,1090,1433,1136,964,1415,619,1000,7049,6107,7914,26981,0.091598072
SI0303,Arden Heights-Rossville,Staten Island,25344,15281,15264,14539,725,17,10063,15264,725,2127,1362,4699,3024,10581,283,137,377,453,771,1437,1129,2361,1801,1832,111509,127043,4172,3524,503,142,781,8184,247,50,157,199,452,1097,1008,1882,1503,1589,118844,2397,62713,43917,8184,422,31410,1654,7008,553,4885,184,31410,999,252,403,1344,1192,469,942,1128,3783,5004,2867,13027,0.065261995
SI0304,Annadale-Huguenot-Prince's Bay-Woodrow,Staten Island,33164,20623,20623,19899,724,0,12541,20623,724,3060,2263,7215,4690,14323,624,207,398,577,771,1749,1578,2454,1681,4284,121815,161327,5089,4442,706,339,735,11220,162,126,105,263,538,1124,1256,2122,1606,3918,147454,3103,55590,54934,11220,344,42264,1691,10378,244,6971,548,42264,1075,355,261,1020,809,662,125,504,5161,5687,4372,22233,0.050989024
SI0305,Tottenville-Charleston,Staten Island,13834,8373,8373,8242,131,0,5461,8373,131,1163,761,2267,1575,6067,224,325,121,77,288,596,652,1293,989,1502,134828,153851,2043,1914,151,106,562,4458,52,0,31,0,149,493,485,1107,807,1334,147255,1609,50207,56466,4458,67,16818,806,3522,64,2731,228,16818,337,161,308,122,547,88,21,150,2262,1823,2279,8720,0.058262252
QN0151,Rikers Island,Queens,3538,0,0,0,0,0,3538,0,0,0,0,0,0,0,0,0,0,0,0,0,0,0,0,0,,,0,0,0,0,0,0,0,0,0,0,0,0,0,0,0,0,,0,,5167,0,0,0,0,0,0,0,0,0,0,0,0,0,0,0,0,0,0,0,0,0,0
BK0261,Brooklyn Navy Yard,Brooklyn,0,0,0,0,0,0,0,0,0,0,0,0,0,0,0,0,0,0,0,0,0,0,0,0,,,0,0,0,0,0,0,0,0,0,0,0,0,0,0,0,0,,0,,,0,0,0,0,0,0,0,0,0,0,0,0,0,0,0,0,0,0,0,0,0,
BK1061,Fort Hamilton,Brooklyn,623,464,197,197,0,267,159,197,0,104,40,168,84,156,0,0,0,0,12,25,9,61,11,38,134894,167865,18,13,0,0,0,145,0,0,0,0,12,19,9,61,6,38,135155,11,73748,43442,145,0,645,0,272,0,17,0,645,0,0,0,0,89,0,0,39,58,155,61,243,0
BX1161,Hutchinson Metro Center,Bronx,480,18,18,18,0,0,462,18,0,0,0,0,0,0,0,0,0,0,0,0,0,0,0,0,,,0,0,0,0,0,0,0,0,0,0,0,0,0,0,0,0,,0,,6555,0,0,176,115,0,0,5,5,176,110,0,5,39,10,6,0,6,0,0,0,0,0.239583333
MN0661,United Nations,Manhattan,0,0,0,0,0,0,0,0,0,0,0,0,0,0,0,0,0,0,0,0,0,0,0,0,,,0,0,0,0,0,0,0,0,0,0,0,0,0,0,0,0,,0,,,0,0,0,0,0,0,0,0,0,0,0,0,0,0,0,0,0,0,0,0,0,
QN0161,Sunnyside Yards (North),Queens,43,30,30,19,11,0,13,30,11,0,0,0,0,4,0,0,0,0,0,0,0,0,4,0,174998,,0,0,0,0,0,0,0,0,0,0,0,0,0,0,0,0,,4,174998,16670,0,0,41,37,0,0,0,0,41,37,0,0,0,0,0,0,0,0,0,0,4,0.860465116
QN0261,Sunnyside Yards (South),Queens,0,0,0,0,0,0,0,0,0,0,0,0,0,0,0,0,0,0,0,0,0,0,0,0,,,0,0,0,0,0,0,0,0,0,0,0,0,0,0,0,0,,0,,,0,0,0,0,0,0,0,0,0,0,0,0,0,0,0,0,0,0,0,0,0,
QN0761,Fort Totten,Queens,0,0,0,0,0,0,0,0,0,0,0,0,0,0,0,0,0,0,0,0,0,0,0,0,,,0,0,0,0,0,0,0,0,0,0,0,0,0,0,0,0,,0,,,0,0,0,0,0,0,0,0,0,0,0,0,0,0,0,0,0,0,0,0,0,
SI9561,Fort Wadsworth,Staten Island,324,264,146,136,10,118,60,146,10,101,80,55,50,155,0,8,0,13,35,5,35,23,6,30,86784,108858,5,5,5,0,6,126,0,0,0,13,28,0,30,23,2,30,93332,29,49641,37222,126,0,440,8,156,0,11,0,440,0,0,8,0,24,0,0,40,112,98,5,153,0.024691358
BK0471,The Evergreens Cemetery,Brooklyn,0,0,0,0,0,0,0,0,0,0,0,0,0,0,0,0,0,0,0,0,0,0,0,0,,,0,0,0,0,0,0,0,0,0,0,0,0,0,0,0,0,,0,,,0,0,0,0,0,0,0,0,0,0,0,0,0,0,0,0,0,0,0,0,0,
BK0571,Highland Park-Cypress Hills Cemeteries (South),Brooklyn,0,0,0,0,0,0,0,0,0,0,0,0,0,0,0,0,0,0,0,0,0,0,0,0,,,0,0,0,0,0,0,0,0,0,0,0,0,0,0,0,0,,0,,,0,0,0,0,0,0,0,0,0,0,0,0,0,0,0,0,0,0,0,0,0,
BK0771,Green-Wood Cemetery,Brooklyn,0,0,0,0,0,0,0,0,0,0,0,0,0,0,0,0,0,0,0,0,0,0,0,0,,,0,0,0,0,0,0,0,0,0,0,0,0,0,0,0,0,,0,,,0,0,0,0,0,0,0,0,0,0,0,0,0,0,0,0,0,0,0,0,0,
BK1771,Holy Cross Cemetery,Brooklyn,22,15,15,15,0,0,7,15,0,0,0,0,0,8,0,0,0,0,0,8,0,0,0,0,67498,,8,8,0,0,0,8,0,0,0,0,0,8,0,0,0,0,67498,0,,23500,8,0,22,0,0,0,7,0,22,0,0,0,0,0,0,0,0,0,22,0,0,0
BX1071,Hart Island,Bronx,0,0,0,0,0,0,0,0,0,0,0,0,0,0,0,0,0,0,0,0,0,0,0,0,,,0,0,0,0,0,0,0,0,0,0,0,0,0,0,0,0,,0,,,0,0,0,0,0,0,0,0,0,0,0,0,0,0,0,0,0,0,0,0,0,
BX1271,Woodlawn Cemetery,Bronx,0,0,0,0,0,0,0,0,0,0,0,0,0,0,0,0,0,0,0,0,0,0,0,0,,,0,0,0,0,0,0,0,0,0,0,0,0,0,0,0,0,,0,,,0,0,0,0,0,0,0,0,0,0,0,0,0,0,0,0,0,0,0,0,0,
QN0171,St. Michael's Cemetery,Queens,0,0,0,0,0,0,0,0,0,0,0,0,0,0,0,0,0,0,0,0,0,0,0,0,,,0,0,0,0,0,0,0,0,0,0,0,0,0,0,0,0,,0,,,0,0,0,0,0,0,0,0,0,0,0,0,0,0,0,0,0,0,0,0,0,
QN0271,Calvary & Mount Zion Cemeteries,Queens,0,0,0,0,0,0,0,0,0,0,0,0,0,0,0,0,0,0,0,0,0,0,0,0,,,0,0,0,0,0,0,0,0,0,0,0,0,0,0,0,0,,0,,,0,0,0,0,0,0,0,0,0,0,0,0,0,0,0,0,0,0,0,0,0,
QN0571,Mount Olivet & All Faiths Cemeteries,Queens,0,0,0,0,0,0,0,0,0,0,0,0,0,0,0,0,0,0,0,0,0,0,0,0,,,0,0,0,0,0,0,0,0,0,0,0,0,0,0,0,0,,0,,,0,0,0,0,0,0,0,0,0,0,0,0,0,0,0,0,0,0,0,0,0,
QN0572,Middle Village Cemetery,Queens,0,0,0,0,0,0,0,0,0,0,0,0,0,0,0,0,0,0,0,0,0,0,0,0,,,0,0,0,0,0,0,0,0,0,0,0,0,0,0,0,0,,0,,,0,0,0,0,0,0,0,0,0,0,0,0,0,0,0,0,0,0,0,0,0,
QN0573,St. John Cemetery,Queens,0,0,0,0,0,0,0,0,0,0,0,0,0,0,0,0,0,0,0,0,0,0,0,0,,,0,0,0,0,0,0,0,0,0,0,0,0,0,0,0,0,,0,,,0,0,0,0,0,0,0,0,0,0,0,0,0,0,0,0,0,0,0,0,0,
QN0574,Highland Park-Cypress Hills Cemeteries (North),Queens,12,12,12,12,0,0,0,12,0,0,0,0,0,4,0,0,0,0,0,0,0,0,4,0,174998,,0,0,0,0,0,4,0,0,0,0,0,0,0,0,4,0,174998,0,,68408,4,0,12,0,0,0,0,0,12,0,0,0,0,0,0,0,0,0,0,0,12,0
QN0871,Mount Hebron & Cedar Grove Cemeteries,Queens,0,0,0,0,0,0,0,0,0,0,0,0,0,0,0,0,0,0,0,0,0,0,0,0,,,0,0,0,0,0,0,0,0,0,0,0,0,0,0,0,0,,0,,,0,0,0,0,0,0,0,0,0,0,0,0,0,0,0,0,0,0,0,0,0,
QN1371,Montefiore Cemetery,Queens,0,0,0,0,0,0,0,0,0,0,0,0,0,0,0,0,0,0,0,0,0,0,0,0,,,0,0,0,0,0,0,0,0,0,0,0,0,0,0,0,0,,0,,,0,0,0,0,0,0,0,0,0,0,0,0,0,0,0,0,0,0,0,0,0,
QN8081,LaGuardia Airport,Queens,0,0,0,0,0,0,0,0,0,0,0,0,0,0,0,0,0,0,0,0,0,0,0,0,,,0,0,0,0,0,0,0,0,0,0,0,0,0,0,0,0,,0,,,0,0,0,0,0,0,0,0,0,0,0,0,0,0,0,0,0,0,0,0,0,
QN8381,John F. Kennedy International Airport,Queens,0,0,0,0,0,0,0,0,0,0,0,0,0,0,0,0,0,0,0,0,0,0,0,0,,,0,0,0,0,0,0,0,0,0,0,0,0,0,0,0,0,,0,,,0,0,0,0,0,0,0,0,0,0,0,0,0,0,0,0,0,0,0,0,0,
BK0891,Lincoln Terrace Park,Brooklyn,0,0,0,0,0,0,0,0,0,0,0,0,0,0,0,0,0,0,0,0,0,0,0,0,,,0,0,0,0,0,0,0,0,0,0,0,0,0,0,0,0,,0,,,0,0,0,0,0,0,0,0,0,0,0,0,0,0,0,0,0,0,0,0,0,
BK1091,Dyker Beach Park,Brooklyn,0,0,0,0,0,0,0,0,0,0,0,0,0,0,0,0,0,0,0,0,0,0,0,0,,,0,0,0,0,0,0,0,0,0,0,0,0,0,0,0,0,,0,,,0,0,0,0,0,0,0,0,0,0,0,0,0,0,0,0,0,0,0,0,0,
BK1391,Calvert Vaux Park,Brooklyn,0,0,0,0,0,0,0,0,0,0,0,0,0,0,0,0,0,0,0,0,0,0,0,0,,,0,0,0,0,0,0,0,0,0,0,0,0,0,0,0,0,,0,,,0,0,0,0,0,0,0,0,0,0,0,0,0,0,0,0,0,0,0,0,0,
BK1891,Marine Park-Plumb Island,Brooklyn,0,0,0,0,0,0,0,0,0,0,0,0,0,0,0,0,0,0,0,0,0,0,0,0,,,0,0,0,0,0,0,0,0,0,0,0,0,0,0,0,0,,0,,,0,0,0,0,0,0,0,0,0,0,0,0,0,0,0,0,0,0,0,0,0,
BK1892,McGuire Fields,Brooklyn,0,0,0,0,0,0,0,0,0,0,0,0,0,0,0,0,0,0,0,0,0,0,0,0,,,0,0,0,0,0,0,0,0,0,0,0,0,0,0,0,0,,0,,,0,0,0,0,0,0,0,0,0,0,0,0,0,0,0,0,0,0,0,0,0,
BK1893,Canarsie Park & Pier,Brooklyn,0,0,0,0,0,0,0,0,0,0,0,0,0,0,0,0,0,0,0,0,0,0,0,0,,,0,0,0,0,0,0,0,0,0,0,0,0,0,0,0,0,,0,,,0,0,0,0,0,0,0,0,0,0,0,0,0,0,0,0,0,0,0,0,0,
BK5591,Prospect Park,Brooklyn,0,0,0,0,0,0,0,0,0,0,0,0,0,0,0,0,0,0,0,0,0,0,0,0,,,0,0,0,0,0,0,0,0,0,0,0,0,0,0,0,0,,0,,,0,0,0,0,0,0,0,0,0,0,0,0,0,0,0,0,0,0,0,0,0,
BK5691,Barren Island-Floyd Bennett Field,Brooklyn,13,13,13,13,0,0,0,13,0,0,0,0,0,9,0,0,0,0,0,0,0,9,0,0,137498,,0,0,0,0,0,9,0,0,0,0,0,0,0,9,0,0,137498,0,,,9,0,13,0,0,0,0,0,13,0,0,0,0,0,0,0,0,0,0,0,13,0
BK5692,Jamaica Bay (West),Brooklyn,0,0,0,0,0,0,0,0,0,0,0,0,0,0,0,0,0,0,0,0,0,0,0,0,,,0,0,0,0,0,0,0,0,0,0,0,0,0,0,0,0,,0,,,0,0,0,0,0,0,0,0,0,0,0,0,0,0,0,0,0,0,0,0,0,
BK5693,Shirley Chisholm State Park,Brooklyn,0,0,0,0,0,0,0,0,0,0,0,0,0,0,0,0,0,0,0,0,0,0,0,0,,,0,0,0,0,0,0,0,0,0,0,0,0,0,0,0,0,,0,,,0,0,0,0,0,0,0,0,0,0,0,0,0,0,0,0,0,0,0,0,0,
BX0291,North & South Brother Islands,Bronx,0,0,0,0,0,0,0,0,0,0,0,0,0,0,0,0,0,0,0,0,0,0,0,0,,,0,0,0,0,0,0,0,0,0,0,0,0,0,0,0,0,,0,,,0,0,0,0,0,0,0,0,0,0,0,0,0,0,0,0,0,0,0,0,0,
BX0391,Crotona Park,Bronx,0,0,0,0,0,0,0,0,0,0,0,0,0,0,0,0,0,0,0,0,0,0,0,0,,,0,0,0,0,0,0,0,0,0,0,0,0,0,0,0,0,,0,,,0,0,0,0,0,0,0,0,0,0,0,0,0,0,0,0,0,0,0,0,0,
BX0491,Yankee Stadium-Macombs Dam Park,Bronx,0,0,0,0,0,0,0,0,0,0,0,0,0,0,0,0,0,0,0,0,0,0,0,0,,,0,0,0,0,0,0,0,0,0,0,0,0,0,0,0,0,,0,,,0,0,0,0,0,0,0,0,0,0,0,0,0,0,0,0,0,0,0,0,0,
BX0492,Claremont Park,Bronx,0,0,0,0,0,0,0,0,0,0,0,0,0,0,0,0,0,0,0,0,0,0,0,0,,,0,0,0,0,0,0,0,0,0,0,0,0,0,0,0,0,,0,,,0,0,0,0,0,0,0,0,0,0,0,0,0,0,0,0,0,0,0,0,0,
BX0991,Soundview Park,Bronx,0,0,0,0,0,0,0,0,0,0,0,0,0,0,0,0,0,0,0,0,0,0,0,0,,,0,0,0,0,0,0,0,0,0,0,0,0,0,0,0,0,,0,,,0,0,0,0,0,0,0,0,0,0,0,0,0,0,0,0,0,0,0,0,0,
BX1091,Ferry Point Park-St. Raymond Cemetery,Bronx,0,0,0,0,0,0,0,0,0,0,0,0,0,0,0,0,0,0,0,0,0,0,0,0,,,0,0,0,0,0,0,0,0,0,0,0,0,0,0,0,0,,0,,,0,0,0,0,0,0,0,0,0,0,0,0,0,0,0,0,0,0,0,0,0,
BX2691,Van Cortlandt Park,Bronx,56,56,56,56,0,0,0,56,0,0,0,0,0,38,0,0,0,0,0,9,6,16,0,7,106249,123613,0,8,0,0,0,0,0,0,0,0,0,0,0,0,0,0,,38,106249,85286,0,0,56,10,0,0,0,0,56,10,0,0,0,0,0,0,0,0,9,8,29,0.178571429
BX2791,Bronx Park,Bronx,26,11,11,7,4,0,15,11,4,0,0,5,5,4,0,0,0,0,0,4,0,0,0,0,67498,,0,4,4,0,4,4,0,0,0,0,0,4,0,0,0,0,67498,0,,12435,4,0,26,2,5,0,0,0,26,2,0,0,1,0,0,0,23,0,0,0,0,0.076923077
BX2891,Pelham Bay Park,Bronx,36,10,10,10,0,0,26,10,0,11,0,10,10,18,8,0,0,0,10,0,0,0,0,0,45499,,3,3,0,0,0,18,8,0,0,0,10,0,0,0,0,0,45499,0,,8121,18,8,57,15,21,0,1,0,57,15,0,0,0,0,38,0,0,4,0,0,0,0.416666667
MN0191,The Battery-Governors Island-Ellis Island-Liberty Island,Manhattan,0,0,0,0,0,0,0,0,0,0,0,0,0,0,0,0,0,0,0,0,0,0,0,0,,,0,0,0,0,0,0,0,0,0,0,0,0,0,0,0,0,,0,,,0,0,0,0,0,0,0,0,0,0,0,0,0,0,0,0,0,0,0,0,0,
MN1191,Randall's Island,Manhattan,2321,591,591,382,209,0,1730,591,209,0,0,0,0,0,0,0,0,0,0,0,0,0,0,0,,,0,0,0,0,0,0,0,0,0,0,0,0,0,0,0,0,,0,,10647,0,0,2139,1513,0,0,170,76,2139,947,381,185,189,131,50,43,79,86,34,14,0,0.651874192
MN1291,Highbridge Park,Manhattan,0,0,0,0,0,0,0,0,0,0,0,0,0,0,0,0,0,0,0,0,0,0,0,0,,,0,0,0,0,0,0,0,0,0,0,0,0,0,0,0,0,,0,,,0,0,0,0,0,0,0,0,0,0,0,0,0,0,0,0,0,0,0,0,0,
MN1292,Inwood Hill Park,Manhattan,14,0,0,0,0,0,14,0,0,0,0,0,0,0,0,0,0,0,0,0,0,0,0,0,,,0,0,0,0,0,0,0,0,0,0,0,0,0,0,0,0,,0,,5786,0,0,0,0,0,0,0,0,0,0,0,0,0,0,0,0,0,0,0,0,0,0
MN6491,Central Park,Manhattan,0,0,0,0,0,0,0,0,0,0,0,0,0,0,0,0,0,0,0,0,0,0,0,0,,,0,0,0,0,0,0,0,0,0,0,0,0,0,0,0,0,,0,,,0,0,0,0,0,0,0,0,0,0,0,0,0,0,0,0,0,0,0,0,0,
QN0191,Astoria Park,Queens,0,0,0,0,0,0,0,0,0,0,0,0,0,0,0,0,0,0,0,0,0,0,0,0,,,0,0,0,0,0,0,0,0,0,0,0,0,0,0,0,0,,0,,,0,0,0,0,0,0,0,0,0,0,0,0,0,0,0,0,0,0,0,0,0,
QN0791,Kissena Park,Queens,0,0,0,0,0,0,0,0,0,0,0,0,0,0,0,0,0,0,0,0,0,0,0,0,,,0,0,0,0,0,0,0,0,0,0,0,0,0,0,0,0,,0,,,0,0,0,0,0,0,0,0,0,0,0,0,0,0,0,0,0,0,0,0,0,
QN0891,Cunningham Park,Queens,0,0,0,0,0,0,0,0,0,0,0,0,0,0,0,0,0,0,0,0,0,0,0,0,,,0,0,0,0,0,0,0,0,0,0,0,0,0,0,0,0,,0,,,0,0,0,0,0,0,0,0,0,0,0,0,0,0,0,0,0,0,0,0,0,
QN1091,Spring Creek Park,Queens,0,0,0,0,0,0,0,0,0,0,0,0,0,0,0,0,0,0,0,0,0,0,0,0,,,0,0,0,0,0,0,0,0,0,0,0,0,0,0,0,0,,0,,,0,0,0,0,0,0,0,0,0,0,0,0,0,0,0,0,0,0,0,0,0,
QN1191,Alley Pond Park,Queens,97,18,15,6,9,3,79,15,9,0,0,0,0,0,0,0,0,0,0,0,0,0,0,0,,,0,0,0,0,0,0,0,0,0,0,0,0,0,0,0,0,,0,,20037,0,0,66,30,0,0,31,0,66,24,6,0,4,0,1,0,2,11,11,3,4,0.309278351
QN1491,Rockaway Community Park,Queens,0,0,0,0,0,0,0,0,0,0,0,0,0,0,0,0,0,0,0,0,0,0,0,0,,,0,0,0,0,0,0,0,0,0,0,0,0,0,0,0,0,,0,,,0,0,0,0,0,0,0,0,0,0,0,0,0,0,0,0,0,0,0,0,0,
QN8191,Flushing Meadows-Corona Park,Queens,0,0,0,0,0,0,0,0,0,0,0,0,0,0,0,0,0,0,0,0,0,0,0,0,,,0,0,0,0,0,0,0,0,0,0,0,0,0,0,0,0,,0,,,0,0,0,0,0,0,0,0,0,0,0,0,0,0,0,0,0,0,0,0,0,
QN8291,Forest Park,Queens,0,0,0,0,0,0,0,0,0,0,0,0,0,0,0,0,0,0,0,0,0,0,0,0,,,0,0,0,0,0,0,0,0,0,0,0,0,0,0,0,0,,0,,,0,0,0,0,0,0,0,0,0,0,0,0,0,0,0,0,0,0,0,0,0,
QN8491,Jamaica Bay (East),Queens,0,0,0,0,0,0,0,0,0,0,0,0,0,0,0,0,0,0,0,0,0,0,0,0,,,0,0,0,0,0,0,0,0,0,0,0,0,0,0,0,0,,0,,,0,0,0,0,0,0,0,0,0,0,0,0,0,0,0,0,0,0,0,0,0,
QN8492,Jacob Riis Park-Fort Tilden-Breezy Point Tip,Queens,8,4,4,4,0,0,4,4,0,0,0,0,0,4,0,0,0,0,0,0,0,0,0,4,200000,,4,4,0,0,0,0,0,0,0,0,0,0,0,0,0,0,,4,200000,,0,0,8,0,0,0,8,0,8,0,0,0,0,0,4,0,0,0,0,0,4,0
SI0191,Snug Harbor,Staten Island,42,23,23,23,0,0,19,23,0,0,0,0,0,23,0,0,0,0,4,0,0,19,0,0,109867,,19,19,0,0,0,19,0,0,0,0,0,0,0,19,0,0,112498,4,42498,56290,19,0,42,0,0,0,19,0,42,0,0,0,0,0,0,0,0,4,0,0,38,0
SI0291,Freshkills Park (North),Staten Island,0,0,0,0,0,0,0,0,0,0,0,0,0,0,0,0,0,0,0,0,0,0,0,0,,,0,0,0,0,0,0,0,0,0,0,0,0,0,0,0,0,,0,,,0,0,0,0,0,0,0,0,0,0,0,0,0,0,0,0,0,0,0,0,0,
SI0391,Freshkills Park (South),Staten Island,43,32,32,32,0,0,11,32,0,0,0,0,0,13,0,0,0,0,0,0,0,3,5,5,184998,245615,3,3,3,0,0,13,0,0,0,0,0,0,0,3,5,5,184998,0,,78219,13,0,43,0,0,0,0,0,43,0,0,0,0,0,0,0,0,0,0,19,24,0
SI9591,Hoffman & Swinburne Islands,Staten Island,0,0,0,0,0,0,0,0,0,0,0,0,0,0,0,0,0,0,0,0,0,0,0,0,,,0,0,0,0,0,0,0,0,0,0,0,0,0,0,0,0,,0,,,0,0,0,0,0,0,0,0,0,0,0,0,0,0,0,0,0,0,0,0,0,
SI9592,Miller Field,Staten Island,59,41,41,41,0,0,18,41,0,0,0,0,0,15,0,0,0,0,0,0,0,15,0,0,112498,,0,0,0,0,0,15,0,0,0,0,0,0,0,15,0,0,112498,0,,23603,15,0,59,0,0,0,0,0,59,0,0,0,0,0,0,0,0,0,59,0,0,0
SI9593,Great Kills Park,Staten Island,0,0,0,0,0,0,0,0,0,0,0,0,0,0,0,0,0,0,0,0,0,0,0,0,,,0,0,0,0,0,0,0,0,0,0,0,0,0,0,0,0,,0,,,0,0,0,0,0,0,0,0,0,0,0,0,0,0,0,0,0,0,0,0,0,