nta2020,ntaname,boroname,Total Votes,Zohran Kwame Mamdani,Andrew M. Cuomo,Curtis A. Sliwa,Eric L. Adams,WRITE-IN,Irene Estrada,Jim Walden,Joseph Hernandez,Zohran Kwame Mamdani (%),Andrew M. Cuomo (%),Curtis A. Sliwa (%),Eric L. Adams (%),WRITE-IN (%),Irene Estrada (%),Jim Walden (%),Joseph Hernandez (%),winning_candidate,winning_percentage
BK0101,Greenpoint,Brooklyn,14905,11451,2579,801,12,40,9,9,3,76.83,17.3,5.37,0.08,0.27,0.06,0.06,0.02,Zohran Kwame Mamdani,76.83
BK0102,Williamsburg,Brooklyn,20039,13673,5704,488,53,75,15,17,14,68.23,28.46,2.44,0.26,0.37,0.07,0.08,0.07,Zohran Kwame Mamdani,68.23
BK0103,South Williamsburg,Brooklyn,6368,994,4898,223,184,57,6,2,4,15.61,76.92,3.5,2.89,0.9,0.09,0.03,0.06,Andrew M. Cuomo,76.92
BK0104,East Williamsburg,Brooklyn,17523,13187,3576,629,38,50,15,16,12,75.26,20.41,3.59,0.22,0.29,0.09,0.09,0.07,Zohran Kwame Mamdani,75.26
BK0201,Brooklyn Heights,Brooklyn,10353,6472,3552,200,16,65,5,41,3,62.51,34.31,1.93,0.15,0.63,0.05,0.4,0.03,Zohran Kwame Mamdani,62.51
BK0202,Downtown Brooklyn-DUMBO-Boerum Hill,Brooklyn,15731,11283,3981,299,33,92,11,22,10,71.72,25.31,1.9,0.21,0.58,0.07,0.14,0.06,Zohran Kwame Mamdani,71.72
BK0203,Fort Greene,Brooklyn,11080,8731,2027,188,49,58,8,12,6,78.8,18.29,1.7,0.44,0.52,0.07,0.11,0.05,Zohran Kwame Mamdani,78.8
BK0204,Clinton Hill,Brooklyn,11884,9733,1897,162,27,40,11,8,5,81.9,15.96,1.36,0.23,0.34,0.09,0.07,0.04,Zohran Kwame Mamdani,81.9
BK0301,Bedford-Stuyvesant (West),Brooklyn,22409,16973,4832,331,131,89,19,19,15,75.74,21.56,1.48,0.58,0.4,0.08,0.08,0.07,Zohran Kwame Mamdani,75.74
BK0302,Bedford-Stuyvesant (East),Brooklyn,23102,18161,4350,336,117,74,33,12,19,78.61,18.83,1.45,0.51,0.32,0.14,0.05,0.08,Zohran Kwame Mamdani,78.61
BK0401,Bushwick (West),Brooklyn,14408,12349,1668,331,17,17,11,6,9,85.71,11.58,2.3,0.12,0.12,0.08,0.04,0.06,Zohran Kwame Mamdani,85.71
BK0402,Bushwick (East),Brooklyn,14354,11313,2558,387,46,21,17,4,8,78.81,17.82,2.7,0.32,0.15,0.12,0.03,0.06,Zohran Kwame Mamdani,78.81
BK0501,Cypress Hills,Brooklyn,4534,2562,1638,288,20,6,14,1,6,56.51,36.13,6.35,0.44,0.13,0.31,0.02,0.13,Zohran Kwame Mamdani,56.51
BK0502,East New York (North),Brooklyn,5401,3195,1951,182,38,10,16,3,6,59.16,36.12,3.37,0.7,0.19,0.3,0.06,0.11,Zohran Kwame Mamdani,59.16
BK0503,East New York-New Lots,Brooklyn,8293,4833,3084,242,77,17,19,11,9,58.28,37.19,2.92,0.93,0.2,0.23,0.13,0.11,Zohran Kwame Mamdani,58.28
BK0504,Spring Creek-Starrett City,Brooklyn,3915,1910,1817,138,31,9,5,4,2,48.79,46.41,3.52,0.79,0.23,0.13,0.1,0.05,Zohran Kwame Mamdani,48.79
BK0505,East New York-City Line,Brooklyn,6445,4185,1973,214,43,15,6,5,4,64.93,30.61,3.32,0.67,0.23,0.09,0.08,0.06,Zohran Kwame Mamdani,64.93
BK0601,Carroll Gardens-Cobble Hill-Gowanus-Red Hook,Brooklyn,21729,15702,5221,561,50,126,22,33,13,72.26,24.03,2.58,0.23,0.58,0.1,0.15,0.06,Zohran Kwame Mamdani,72.26
BK0602,Park Slope,Brooklyn,26396,20302,5335,450,27,218,15,40,8,76.91,20.21,1.7,0.1,0.83,0.06,0.15,0.03,Zohran Kwame Mamdani,76.91
BK0701,Windsor Terrace-South Slope,Brooklyn,10935,8102,2329,404,7,68,6,13,5,74.09,21.3,3.69,0.06,0.62,0.05,0.12,0.05,Zohran Kwame Mamdani,74.09
BK0702,Sunset Park (West),Brooklyn,10892,7697,2513,607,17,33,13,9,4,70.67,23.07,5.57,0.16,0.3,0.12,0.08,0.04,Zohran Kwame Mamdani,70.67
BK0703,Sunset Park (Central),Brooklyn,4938,2798,1653,428,23,13,16,5,3,56.66,33.48,8.67,0.47,0.26,0.32,0.1,0.06,Zohran Kwame Mamdani,56.66
BK0801,Prospect Heights,Brooklyn,10866,8979,1640,121,20,82,2,17,4,82.63,15.09,1.11,0.18,0.75,0.02,0.16,0.04,Zohran Kwame Mamdani,82.63
BK0802,Crown Heights (North),Brooklyn,23849,18956,4407,287,73,71,26,17,12,79.48,18.48,1.2,0.31,0.3,0.11,0.07,0.05,Zohran Kwame Mamdani,79.48
BK0901,Crown Heights (South),Brooklyn,13778,7448,5972,266,46,27,8,6,3,54.06,43.34,1.93,0.33,0.2,0.06,0.04,0.02,Zohran Kwame Mamdani,54.06
BK0902,Prospect Lefferts Gardens-Wingate,Brooklyn,13029,9228,3520,180,33,34,16,10,8,70.83,27.02,1.38,0.25,0.26,0.12,0.08,0.06,Zohran Kwame Mamdani,70.83
BK1001,Bay Ridge,Brooklyn,24606,11180,9994,3237,31,64,27,55,17,45.44,40.62,13.16,0.13,0.26,0.11,0.22,0.07,Zohran Kwame Mamdani,45.44
BK1002,Dyker Heights,Brooklyn,7853,2220,4146,1450,10,7,11,5,4,28.27,52.8,18.46,0.13,0.09,0.14,0.06,0.05,Andrew M. Cuomo,52.8
BK1101,Bensonhurst,Brooklyn,13692,4534,6917,2159,24,21,19,12,5,33.11,50.52,15.77,0.18,0.15,0.14,0.09,0.04,Andrew M. Cuomo,50.52
BK1102,Bath Beach,Brooklyn,5810,1936,2877,963,10,7,11,3,3,33.32,49.52,16.57,0.17,0.12,0.19,0.05,0.05,Andrew M. Cuomo,49.52
BK1103,Gravesend (West),Brooklyn,9295,2586,5331,1333,12,4,17,7,4,27.82,57.35,14.34,0.13,0.04,0.18,0.08,0.04,Andrew M. Cuomo,57.35
BK1201,Sunset Park (East)-Borough Park (West),Brooklyn,3769,1566,1907,249,26,12,4,2,4,41.55,50.6,6.61,0.69,0.32,0.11,0.05,0.11,Andrew M. Cuomo,50.6
BK1202,Borough Park,Brooklyn,22027,1598,19290,616,380,118,17,5,4,7.25,87.57,2.8,1.73,0.54,0.08,0.02,0.02,Andrew M. Cuomo,87.57
BK1203,Kensington,Brooklyn,11838,7957,3362,426,32,39,8,9,4,67.22,28.4,3.6,0.27,0.33,0.07,0.08,0.03,Zohran Kwame Mamdani,67.22
BK1204,Mapleton-Midwood (West),Brooklyn,11205,1214,9424,501,41,13,4,4,4,10.83,84.11,4.47,0.37,0.12,0.04,0.04,0.04,Andrew M. Cuomo,84.11
BK1301,Gravesend (South),Brooklyn,5553,1367,3415,726,19,6,11,4,3,24.62,61.5,13.07,0.34,0.11,0.2,0.07,0.05,Andrew M. Cuomo,61.5
BK1302,Coney Island-Sea Gate,Brooklyn,11206,2636,7449,1036,47,10,14,8,6,23.52,66.47,9.25,0.42,0.09,0.12,0.07,0.05,Andrew M. Cuomo,66.47
BK1303,Brighton Beach,Brooklyn,5746,1447,3767,490,23,7,6,3,3,25.18,65.56,8.53,0.4,0.12,0.1,0.05,0.05,Andrew M. Cuomo,65.56
BK1401,Flatbush,Brooklyn,16299,12355,3487,310,62,40,16,17,11,75.8,21.39,1.9,0.38,0.25,0.1,0.1,0.07,Zohran Kwame Mamdani,75.8
BK1402,Flatbush (West)-Ditmas Park-Parkville,Brooklyn,13028,8691,3843,378,41,48,9,14,3,66.71,29.5,2.9,0.31,0.37,0.07,0.11,0.02,Zohran Kwame Mamdani,66.71
BK1403,Midwood,Brooklyn,14110,2698,10751,562,49,24,10,13,3,19.12,76.19,3.98,0.35,0.17,0.07,0.09,0.02,Andrew M. Cuomo,76.19
BK1501,Gravesend (East)-Homecrest,Brooklyn,12664,1459,10406,751,25,11,6,5,2,11.52,82.17,5.93,0.2,0.09,0.05,0.04,0.02,Andrew M. Cuomo,82.17
BK1502,Madison,Brooklyn,10688,1842,7654,1143,13,13,9,8,5,17.23,71.61,10.69,0.12,0.12,0.08,0.07,0.05,Andrew M. Cuomo,71.61
BK1503,Sheepshead Bay-Manhattan Beach-Gerritsen Beach,Brooklyn,16535,3317,10486,2607,48,25,30,10,12,20.06,63.42,15.77,0.29,0.15,0.18,0.06,0.07,Andrew M. Cuomo,63.42
BK1601,Ocean Hill,Brooklyn,6865,4827,1833,120,49,13,12,6,4,70.31,26.7,1.75,0.71,0.19,0.17,0.09,0.06,Zohran Kwame Mamdani,70.31
BK1602,Brownsville,Brooklyn,7097,4023,2770,208,43,18,21,6,10,56.69,39.03,2.93,0.61,0.25,0.3,0.08,0.14,Zohran Kwame Mamdani,56.69
BK1701,East Flatbush-Erasmus,Brooklyn,10852,8130,2441,197,37,24,9,9,5,74.92,22.49,1.82,0.34,0.22,0.08,0.08,0.05,Zohran Kwame Mamdani,74.92
BK1702,East Flatbush-Farragut,Brooklyn,7536,5071,2228,157,35,19,20,5,1,67.29,29.56,2.08,0.46,0.25,0.27,0.07,0.01,Zohran Kwame Mamdani,67.29
BK1703,East Flatbush-Rugby,Brooklyn,7405,4539,2678,116,41,13,10,5,2,61.3,36.16,1.57,0.55,0.18,0.14,0.07,0.03,Zohran Kwame Mamdani,61.3
BK1704,East Flatbush-Remsen Village,Brooklyn,5828,3516,2159,102,31,4,7,5,3,60.33,37.05,1.75,0.53,0.07,0.12,0.09,0.05,Zohran Kwame Mamdani,60.33
BK1801,Flatlands,Brooklyn,16004,8402,6734,740,70,26,16,10,6,52.5,42.08,4.62,0.44,0.16,0.1,0.06,0.04,Zohran Kwame Mamdani,52.5
BK1802,Marine Park-Mill Basin-Bergen Beach,Brooklyn,12162,2309,7866,1927,25,17,13,3,3,18.99,64.68,15.84,0.21,0.14,0.11,0.02,0.02,Andrew M. Cuomo,64.68
BK1803,Canarsie,Brooklyn,15830,9623,5597,477,74,22,17,11,9,60.79,35.36,3.01,0.47,0.14,0.11,0.07,0.06,Zohran Kwame Mamdani,60.79
BX0101,Mott Haven-Port Morris,Bronx,7641,4461,2740,347,37,21,18,9,7,58.38,35.86,4.54,0.48,0.27,0.24,0.12,0.09,Zohran Kwame Mamdani,58.38
BX0102,Melrose,Bronx,5438,2974,2160,248,27,11,7,1,9,54.69,39.72,4.56,0.5,0.2,0.13,0.02,0.17,Zohran Kwame Mamdani,54.69
BX0201,Hunts Point,Bronx,1779,906,758,95,7,3,5,3,2,50.93,42.61,5.34,0.39,0.17,0.28,0.17,0.11,Zohran Kwame Mamdani,50.93
BX0202,Longwood,Bronx,4695,2404,1986,262,22,7,8,2,3,51.2,42.3,5.58,0.47,0.15,0.17,0.04,0.06,Zohran Kwame Mamdani,51.2
BX0301,Morrisania,Bronx,4376,2419,1714,190,25,10,9,3,6,55.28,39.17,4.34,0.57,0.23,0.21,0.07,0.14,Zohran Kwame Mamdani,55.28
BX0302,Claremont Village-Claremont (East),Bronx,2619,1526,999,61,16,7,7,2,1,58.27,38.14,2.33,0.61,0.27,0.27,0.08,0.04,Zohran Kwame Mamdani,58.27
BX0303,Crotona Park East,Bronx,3768,1968,1552,201,21,9,8,2,6,52.23,41.19,5.33,0.56,0.24,0.21,0.05,0.16,Zohran Kwame Mamdani,52.23
BX0401,Concourse-Concourse Village,Bronx,10461,6077,3843,412,56,23,28,10,13,58.09,36.74,3.94,0.54,0.22,0.27,0.1,0.12,Zohran Kwame Mamdani,58.09
BX0402,Highbridge,Bronx,3544,1926,1418,147,26,6,12,5,3,54.35,40.01,4.15,0.73,0.17,0.34,0.14,0.08,Zohran Kwame Mamdani,54.35
BX0403,Mount Eden-Claremont (West),Bronx,5607,3072,2235,240,27,10,15,1,6,54.79,39.86,4.28,0.48,0.18,0.27,0.02,0.11,Zohran Kwame Mamdani,54.79
BX0501,University Heights (South)-Morris Heights,Bronx,6685,3453,2863,288,36,18,14,6,7,51.65,42.83,4.31,0.54,0.27,0.21,0.09,0.1,Zohran Kwame Mamdani,51.65
BX0502,Mount Hope,Bronx,4787,2557,1965,202,31,13,9,7,3,53.42,41.05,4.22,0.65,0.27,0.19,0.15,0.06,Zohran Kwame Mamdani,53.42
BX0503,Fordham Heights,Bronx,2799,1473,1143,143,19,3,11,4,3,52.63,40.84,5.11,0.68,0.11,0.39,0.14,0.11,Zohran Kwame Mamdani,52.63
BX0601,West Farms,Bronx,2583,1290,1136,125,16,7,4,1,4,49.94,43.98,4.84,0.62,0.27,0.15,0.04,0.15,Zohran Kwame Mamdani,49.94
BX0602,Tremont,Bronx,3304,1797,1309,159,23,6,4,1,5,54.39,39.62,4.81,0.7,0.18,0.12,0.03,0.15,Zohran Kwame Mamdani,54.39
BX0603,Belmont,Bronx,3449,1925,1265,211,27,8,9,1,4,55.81,36.68,6.12,0.78,0.23,0.26,0.03,0.12,Zohran Kwame Mamdani,55.81
BX0701,University Heights (North)-Fordham,Bronx,5191,2694,2181,267,23,7,9,5,5,51.9,42.02,5.14,0.44,0.13,0.17,0.1,0.1,Zohran Kwame Mamdani,51.9
BX0702,Bedford Park,Bronx,7939,4262,3127,445,44,21,21,6,11,53.68,39.39,5.61,0.55,0.26,0.26,0.08,0.14,Zohran Kwame Mamdani,53.68
BX0703,Norwood,Bronx,5136,3150,1614,331,21,7,8,3,3,61.33,31.43,6.44,0.41,0.14,0.16,0.06,0.06,Zohran Kwame Mamdani,61.33
BX0801,Kingsbridge Heights-Van Cortlandt Village,Bronx,4997,2627,1975,335,27,10,13,6,4,52.57,39.52,6.7,0.54,0.2,0.26,0.12,0.08,Zohran Kwame Mamdani,52.57
BX0802,Kingsbridge-Marble Hill,Bronx,3891,2147,1452,251,13,14,6,3,6,55.18,37.32,6.45,0.33,0.36,0.15,0.08,0.15,Zohran Kwame Mamdani,55.18
BX0803,Riverdale-Spuyten Duyvil,Bronx,17149,7580,8338,1040,24,96,28,34,8,44.2,48.62,6.06,0.14,0.56,0.16,0.2,0.05,Andrew M. Cuomo,48.62
BX0901,Soundview-Bruckner-Bronx River,Bronx,8393,4763,3111,418,46,24,20,6,7,56.75,37.07,4.98,0.55,0.29,0.24,0.07,0.08,Zohran Kwame Mamdani,56.75
BX0902,Soundview-Clason Point,Bronx,6169,3071,2636,382,30,22,17,9,4,49.78,42.73,6.19,0.49,0.36,0.28,0.15,0.06,Zohran Kwame Mamdani,49.78
BX0903,Castle Hill-Unionport,Bronx,5961,3444,2152,319,18,10,8,5,3,57.78,36.1,5.35,0.3,0.17,0.13,0.08,0.05,Zohran Kwame Mamdani,57.78
BX0904,Parkchester,Bronx,7960,4862,2632,365,42,22,13,10,13,61.08,33.07,4.59,0.53,0.28,0.16,0.13,0.16,Zohran Kwame Mamdani,61.08
BX1001,Westchester Square,Bronx,2814,1900,731,163,3,3,8,3,2,67.52,25.98,5.79,0.11,0.11,0.28,0.11,0.07,Zohran Kwame Mamdani,67.52
BX1002,Throgs Neck-Schuylerville,Bronx,9981,3124,4336,2458,17,14,24,4,4,31.3,43.44,24.63,0.17,0.14,0.24,0.04,0.04,Andrew M. Cuomo,43.44
BX1003,Pelham Bay-Country Club-City Island,Bronx,6496,2119,2949,1372,12,18,14,4,7,32.62,45.4,21.12,0.18,0.28,0.22,0.06,0.11,Andrew M. Cuomo,45.4
BX1004,Co-op City,Bronx,11575,5477,5376,556,85,43,19,11,8,47.32,46.44,4.8,0.73,0.37,0.16,0.1,0.07,Zohran Kwame Mamdani,47.32
BX1101,Pelham Parkway-Van Nest,Bronx,4954,2780,1679,444,18,8,14,8,3,56.12,33.89,8.96,0.36,0.16,0.28,0.16,0.06,Zohran Kwame Mamdani,56.12
BX1102,Morris Park,Bronx,4795,2012,2029,717,6,9,14,4,3,41.96,42.31,14.95,0.13,0.19,0.29,0.08,0.06,Andrew M. Cuomo,42.31
BX1103,Pelham Gardens,Bronx,5890,2851,2349,641,16,12,13,3,5,48.4,39.88,10.88,0.27,0.2,0.22,0.05,0.08,Zohran Kwame Mamdani,48.4
BX1104,Allerton,Bronx,4261,2240,1628,337,24,15,13,3,1,52.57,38.21,7.91,0.56,0.35,0.31,0.07,0.02,Zohran Kwame Mamdani,52.57
BX1201,Williamsbridge-Olinville,Bronx,8001,4442,3181,291,46,14,18,5,3,55.52,39.76,3.64,0.57,0.17,0.22,0.06,0.04,Zohran Kwame Mamdani,55.52
BX1202,Eastchester-Edenwald-Baychester,Bronx,5864,3172,2402,221,33,14,10,5,6,54.09,40.96,3.77,0.56,0.24,0.17,0.09,0.1,Zohran Kwame Mamdani,54.09
BX1203,Wakefield-Woodlawn,Bronx,8077,4034,3393,573,39,15,11,8,3,49.94,42.01,7.09,0.48,0.19,0.14,0.1,0.04,Zohran Kwame Mamdani,49.94
MN0101,Financial District-Battery Park City,Manhattan,14929,6740,7366,658,22,83,17,21,20,45.15,49.34,4.41,0.15,0.56,0.11,0.14,0.13,Andrew M. Cuomo,49.34
MN0102,Tribeca-Civic Center,Manhattan,8881,3299,5279,220,18,47,3,12,3,37.15,59.44,2.48,0.2,0.53,0.03,0.14,0.03,Andrew M. Cuomo,59.44
MN0201,SoHo-Little Italy-Hudson Square,Manhattan,6928,3708,2923,238,11,27,6,13,2,53.52,42.19,3.44,0.16,0.39,0.09,0.19,0.03,Zohran Kwame Mamdani,53.52
MN0202,Greenwich Village,Manhattan,12100,6165,5551,260,12,76,10,18,8,50.95,45.88,2.15,0.1,0.63,0.08,0.15,0.07,Zohran Kwame Mamdani,50.95
MN0203,West Village,Manhattan,13391,6786,6149,341,15,69,10,15,5,50.68,45.92,2.55,0.11,0.52,0.07,0.11,0.04,Zohran Kwame Mamdani,50.68
MN0301,Chinatown-Two Bridges,Manhattan,7540,3969,2969,534,20,10,18,9,10,52.64,39.38,7.08,0.27,0.13,0.24,0.12,0.13,Zohran Kwame Mamdani,52.64
MN0302,Lower East Side,Manhattan,14033,8105,5105,690,32,56,21,18,7,57.76,36.38,4.92,0.23,0.4,0.15,0.13,0.05,Zohran Kwame Mamdani,57.76
MN0303,East Village,Manhattan,21461,14712,5712,859,40,79,23,25,11,68.55,26.62,4.0,0.19,0.37,0.11,0.12,0.05,Zohran Kwame Mamdani,68.55
MN0401,Chelsea-Hudson Yards,Manhattan,22601,12337,9150,882,46,120,17,38,9,54.59,40.48,3.9,0.2,0.53,0.08,0.17,0.04,Zohran Kwame Mamdani,54.59
MN0402,Hell's Kitchen,Manhattan,18191,11502,5726,806,39,61,15,29,14,63.23,31.48,4.43,0.21,0.34,0.08,0.16,0.08,Zohran Kwame Mamdani,63.23
MN0501,Midtown South-Flatiron-Union Square,Manhattan,9783,4124,5280,292,13,49,6,13,4,42.15,53.97,2.98,0.13,0.5,0.06,0.13,0.04,Andrew M. Cuomo,53.97
MN0502,Midtown-Times Square,Manhattan,6745,3003,3382,295,18,33,4,8,3,44.52,50.14,4.37,0.27,0.49,0.06,0.12,0.04,Andrew M. Cuomo,50.14
MN0601,Stuyvesant Town-Peter Cooper Village,Manhattan,9533,5575,3407,452,15,59,7,13,5,58.48,35.74,4.74,0.16,0.62,0.07,0.14,0.05,Zohran Kwame Mamdani,58.48
MN0602,Gramercy,Manhattan,10285,5015,4860,307,13,68,6,14,3,48.76,47.25,2.98,0.13,0.66,0.06,0.14,0.03,Zohran Kwame Mamdani,48.76
MN0603,Murray Hill-Kips Bay,Manhattan,16996,7859,8288,694,24,74,13,33,11,46.24,48.76,4.08,0.14,0.44,0.08,0.19,0.06,Andrew M. Cuomo,48.76
MN0604,East Midtown-Turtle Bay,Manhattan,16779,5845,10160,652,19,54,14,24,10,34.84,60.55,3.89,0.11,0.32,0.08,0.14,0.06,Andrew M. Cuomo,60.55
MN0701,Upper West Side-Lincoln Square,Manhattan,27174,11523,14579,807,36,167,14,35,13,42.4,53.65,2.97,0.13,0.61,0.05,0.13,0.05,Andrew M. Cuomo,53.65
MN0702,Upper West Side (Central),Manhattan,40426,20431,18510,1051,54,271,25,64,20,50.54,45.79,2.6,0.13,0.67,0.06,0.16,0.05,Zohran Kwame Mamdani,50.54
MN0703,Upper West Side-Manhattan Valley,Manhattan,19012,12129,6168,489,40,130,13,30,11,63.8,32.44,2.57,0.21,0.68,0.07,0.16,0.06,Zohran Kwame Mamdani,63.8
MN0801,Upper East Side-Lenox Hill-Roosevelt Island,Manhattan,30161,11608,17335,966,38,136,22,36,20,38.49,57.47,3.2,0.13,0.45,0.07,0.12,0.07,Andrew M. Cuomo,57.47
MN0802,Upper East Side-Carnegie Hill,Manhattan,26803,6643,19250,712,26,114,11,35,11,24.78,71.82,2.66,0.1,0.43,0.04,0.13,0.04,Andrew M. Cuomo,71.82
MN0803,Upper East Side-Yorkville,Manhattan,33954,14627,17879,1172,38,154,27,46,11,43.08,52.66,3.45,0.11,0.45,0.08,0.14,0.03,Andrew M. Cuomo,52.66
MN0901,Morningside Heights,Manhattan,9104,6636,2195,170,20,50,12,17,4,72.89,24.11,1.87,0.22,0.55,0.13,0.19,0.04,Zohran Kwame Mamdani,72.89
MN0902,Manhattanville-West Harlem,Manhattan,5693,3986,1493,163,20,11,4,5,10,70.02,26.23,2.86,0.35,0.19,0.07,0.09,0.18,Zohran Kwame Mamdani,70.02
MN0903,Hamilton Heights-Sugar Hill,Manhattan,12219,8779,3001,313,49,44,18,8,8,71.85,24.56,2.56,0.4,0.36,0.15,0.07,0.07,Zohran Kwame Mamdani,71.85
MN1001,Harlem (South),Manhattan,14807,10707,3617,308,55,76,14,19,12,72.31,24.43,2.08,0.37,0.51,0.09,0.13,0.08,Zohran Kwame Mamdani,72.31
MN1002,Harlem (North),Manhattan,17583,11877,5075,390,97,82,21,26,14,67.55,28.86,2.22,0.55,0.47,0.12,0.15,0.08,Zohran Kwame Mamdani,67.55
MN1101,East Harlem (South),Manhattan,13500,8180,4630,550,51,37,22,19,12,60.59,34.3,4.07,0.38,0.27,0.16,0.14,0.09,Zohran Kwame Mamdani,60.59
MN1102,East Harlem (North),Manhattan,13488,8461,4338,518,61,56,33,4,16,62.73,32.16,3.84,0.45,0.42,0.24,0.03,0.12,Zohran Kwame Mamdani,62.73
MN1201,Washington Heights (South),Manhattan,15315,9975,4680,518,38,48,20,21,16,65.13,30.56,3.38,0.25,0.31,0.13,0.14,0.1,Zohran Kwame Mamdani,65.13
MN1202,Washington Heights (North),Manhattan,19771,12543,6313,713,48,96,18,25,14,63.44,31.93,3.61,0.24,0.49,0.09,0.13,0.07,Zohran Kwame Mamdani,63.44
MN1203,Inwood,Manhattan,7814,5070,2348,323,17,26,15,11,5,64.88,30.05,4.13,0.22,0.33,0.19,0.14,0.06,Zohran Kwame Mamdani,64.88
QN0101,Astoria (North)-Ditmars-Steinway,Queens,15260,9015,4817,1340,14,38,13,17,6,59.08,31.57,8.78,0.09,0.25,0.09,0.11,0.04,Zohran Kwame Mamdani,59.08
QN0102,Old Astoria-Hallets Point,Queens,4042,2848,953,214,8,9,3,5,3,70.46,23.58,5.29,0.2,0.22,0.07,0.12,0.07,Zohran Kwame Mamdani,70.46
QN0103,Astoria (Central),Queens,14570,10716,2980,778,13,50,8,19,8,73.55,20.45,5.34,0.09,0.34,0.05,0.13,0.05,Zohran Kwame Mamdani,73.55
QN0104,Astoria (East)-Woodside (North),Queens,8590,5517,2374,639,18,17,7,10,7,64.23,27.64,7.44,0.21,0.2,0.08,0.12,0.08,Zohran Kwame Mamdani,64.23
QN0105,Queensbridge-Ravenswood-Dutch Kills,Queens,7424,4805,2140,394,30,29,13,8,5,64.72,28.83,5.31,0.4,0.39,0.18,0.11,0.07,Zohran Kwame Mamdani,64.72
QN0201,Long Island City-Hunters Point,Queens,10019,6852,2758,311,16,44,8,29,1,68.39,27.53,3.1,0.16,0.44,0.08,0.29,0.01,Zohran Kwame Mamdani,68.39
QN0202,Sunnyside,Queens,13255,8714,3572,854,23,48,13,21,10,65.74,26.95,6.44,0.17,0.36,0.1,0.16,0.08,Zohran Kwame Mamdani,65.74
QN0203,Woodside,Queens,10629,6113,3523,923,18,15,13,14,10,57.51,33.15,8.68,0.17,0.14,0.12,0.13,0.09,Zohran Kwame Mamdani,57.51
QN0301,Jackson Heights,Queens,22418,13460,7204,1552,54,46,51,34,16,60.04,32.13,6.92,0.24,0.21,0.23,0.15,0.07,Zohran Kwame Mamdani,60.04
QN0302,East Elmhurst,Queens,4944,2625,1945,321,23,5,13,5,6,53.09,39.34,6.49,0.47,0.1,0.26,0.1,0.12,Zohran Kwame Mamdani,53.09
QN0303,North Corona,Queens,2964,1520,1164,250,13,3,12,1,1,51.28,39.27,8.43,0.44,0.1,0.4,0.03,0.03,Zohran Kwame Mamdani,51.28
QN0401,Elmhurst,Queens,16010,8437,6032,1425,32,28,29,18,9,52.7,37.68,8.9,0.2,0.17,0.18,0.11,0.06,Zohran Kwame Mamdani,52.7
QN0402,Corona,Queens,7625,3890,3069,579,35,11,27,7,6,51.02,40.25,7.59,0.46,0.14,0.35,0.09,0.08,Zohran Kwame Mamdani,51.02
QN0501,Maspeth,Queens,8213,2477,3756,1931,13,12,17,5,4,30.16,45.73,23.51,0.16,0.15,0.21,0.06,0.05,Andrew M. Cuomo,45.73
QN0502,Ridgewood,Queens,16368,11403,3464,1420,19,30,17,4,10,69.67,21.16,8.68,0.12,0.18,0.1,0.02,0.06,Zohran Kwame Mamdani,69.67
QN0503,Glendale,Queens,7607,2498,3461,1610,14,9,7,6,2,32.84,45.5,21.16,0.18,0.12,0.09,0.08,0.03,Andrew M. Cuomo,45.5
QN0504,Middle Village,Queens,8097,1790,4245,2020,11,11,7,7,5,22.11,52.43,24.95,0.14,0.14,0.09,0.09,0.06,Andrew M. Cuomo,52.43
QN0601,Rego Park,Queens,7633,2724,4167,688,21,9,11,7,6,35.69,54.59,9.01,0.28,0.12,0.14,0.09,0.08,Andrew M. Cuomo,54.59
QN0602,Forest Hills,Queens,26215,9871,14435,1696,50,88,30,31,13,37.65,55.06,6.47,0.19,0.34,0.11,0.12,0.05,Andrew M. Cuomo,55.06
QN0701,College Point,Queens,4768,1520,2317,900,8,9,4,6,4,31.88,48.59,18.88,0.17,0.19,0.08,0.13,0.08,Andrew M. Cuomo,48.59
QN0702,Whitestone-Beechhurst,Queens,8397,1500,4992,1861,7,12,12,7,7,17.86,59.45,22.16,0.08,0.14,0.14,0.08,0.08,Andrew M. Cuomo,59.45
QN0703,Bay Terrace-Clearview,Queens,7362,1551,4561,1203,10,14,10,13,1,21.07,61.95,16.34,0.14,0.19,0.14,0.18,0.01,Andrew M. Cuomo,61.95
QN0704,Murray Hill-Broadway Flushing,Queens,10123,3208,5319,1518,32,8,18,12,7,31.69,52.54,15.0,0.32,0.08,0.18,0.12,0.07,Andrew M. Cuomo,52.54
QN0705,East Flushing,Queens,4527,1658,2221,596,17,10,16,4,7,36.62,49.06,13.17,0.38,0.22,0.35,0.09,0.15,Andrew M. Cuomo,49.06
QN0706,Queensboro Hill,Queens,2841,1071,1437,309,4,6,6,5,3,37.7,50.58,10.88,0.14,0.21,0.21,0.18,0.11,Andrew M. Cuomo,50.58
QN0707,Flushing-Willets Point,Queens,7625,3218,3550,754,37,16,29,11,8,42.2,46.56,9.89,0.49,0.21,0.38,0.14,0.1,Andrew M. Cuomo,46.56
QN0801,Kew Gardens Hills,Queens,8301,1748,5987,510,18,18,9,6,4,21.06,72.12,6.14,0.22,0.22,0.11,0.07,0.05,Andrew M. Cuomo,72.12
QN0802,Pomonok-Electchester-Hillcrest,Queens,7516,2646,4156,637,34,6,12,12,13,35.2,55.3,8.48,0.45,0.08,0.16,0.16,0.17,Andrew M. Cuomo,55.3
QN0803,Fresh Meadows-Utopia,Queens,4847,1593,2865,357,7,9,7,7,2,32.87,59.11,7.37,0.14,0.19,0.14,0.14,0.04,Andrew M. Cuomo,59.11
QN0804,Jamaica Estates-Holliswood,Queens,6724,2972,3356,346,26,14,3,4,3,44.2,49.91,5.15,0.39,0.21,0.04,0.06,0.04,Andrew M. Cuomo,49.91
QN0805,Jamaica Hills-Briarwood,Queens,8363,5150,2666,490,19,15,11,10,3,61.58,31.88,5.86,0.23,0.18,0.13,0.12,0.04,Zohran Kwame Mamdani,61.58
QN0901,Kew Gardens,Queens,6720,3164,2987,517,16,13,9,9,5,47.08,44.45,7.69,0.24,0.19,0.13,0.13,0.07,Zohran Kwame Mamdani,47.08
QN0902,Richmond Hill,Queens,5761,2923,2260,534,14,8,16,5,0,50.74,39.23,9.27,0.24,0.14,0.28,0.09,0.0,Zohran Kwame Mamdani,50.74
QN0903,South Richmond Hill,Queens,2949,1746,974,215,4,2,5,1,2,59.21,33.03,7.29,0.14,0.07,0.17,0.03,0.07,Zohran Kwame Mamdani,59.21
QN0904,Ozone Park (North),Queens,3988,2509,1151,308,10,2,6,1,2,62.91,28.86,7.72,0.25,0.05,0.15,0.03,0.05,Zohran Kwame Mamdani,62.91
QN0905,Woodhaven,Queens,6598,3138,2562,832,22,7,15,8,12,47.56,38.83,12.61,0.33,0.11,0.23,0.12,0.18,Zohran Kwame Mamdani,47.56
QN1001,South Ozone Park,Queens,11655,6417,4222,938,33,16,16,5,7,55.06,36.22,8.05,0.28,0.14,0.14,0.04,0.06,Zohran Kwame Mamdani,55.06
QN1002,Ozone Park,Queens,4603,2290,1654,636,4,4,6,4,5,49.75,35.93,13.82,0.09,0.09,0.13,0.09,0.11,Zohran Kwame Mamdani,49.75
QN1003,Howard Beach-Lindenwood,Queens,8451,1565,4500,2362,3,8,8,1,3,18.52,53.25,27.95,0.04,0.09,0.09,0.01,0.04,Andrew M. Cuomo,53.25
QN1101,Auburndale,Queens,7775,2320,4191,1197,23,5,22,9,8,29.84,53.9,15.4,0.3,0.06,0.28,0.12,0.1,Andrew M. Cuomo,53.9
QN1102,Bayside,Queens,9261,2796,5060,1333,15,21,13,11,12,30.19,54.64,14.39,0.16,0.23,0.14,0.12,0.13,Andrew M. Cuomo,54.64
QN1103,Douglaston-Little Neck,Queens,7129,1906,4258,921,9,14,9,7,5,26.74,59.73,12.92,0.13,0.2,0.13,0.1,0.07,Andrew M. Cuomo,59.73
QN1104,Oakland Gardens-Hollis Hills,Queens,5754,1588,3390,732,11,9,10,12,2,27.6,58.92,12.72,0.19,0.16,0.17,0.21,0.03,Andrew M. Cuomo,58.92
QN1201,Jamaica,Queens,10328,7103,2768,383,32,17,13,9,3,68.77,26.8,3.71,0.31,0.16,0.13,0.09,0.03,Zohran Kwame Mamdani,68.77
QN1202,South Jamaica,Queens,6182,3809,2106,175,51,15,14,6,5,61.61,34.07,2.83,0.82,0.24,0.23,0.1,0.08,Zohran Kwame Mamdani,61.61
QN1203,Baisley Park,Queens,6889,3810,2796,205,43,12,13,6,5,55.31,40.59,2.98,0.62,0.17,0.19,0.09,0.07,Zohran Kwame Mamdani,55.31
QN1204,Springfield Gardens (North)-Rochdale Village,Queens,7637,3922,3454,161,62,14,13,7,4,51.36,45.23,2.11,0.81,0.18,0.17,0.09,0.05,Zohran Kwame Mamdani,51.36
QN1205,St. Albans,Queens,10879,6145,4344,250,78,21,17,12,11,56.48,39.93,2.3,0.72,0.19,0.16,0.11,0.1,Zohran Kwame Mamdani,56.48
QN1206,Hollis,Queens,4443,2759,1487,160,23,6,4,1,1,62.1,33.47,3.6,0.52,0.14,0.09,0.02,0.02,Zohran Kwame Mamdani,62.1
QN1301,Glen Oaks-Floral Park-New Hyde Park,Queens,6022,2043,3220,711,20,9,11,4,5,33.93,53.47,11.81,0.33,0.15,0.18,0.07,0.08,Andrew M. Cuomo,53.47
QN1302,Bellerose,Queens,7603,3525,3042,972,22,8,20,8,7,46.36,40.01,12.78,0.29,0.11,0.26,0.11,0.09,Zohran Kwame Mamdani,46.36
QN1303,Queens Village,Queens,11839,6930,4162,638,50,23,18,9,8,58.54,35.15,5.39,0.42,0.19,0.15,0.08,0.07,Zohran Kwame Mamdani,58.54
QN1304,Cambria Heights,Queens,5422,2954,2258,138,38,11,12,7,5,54.48,41.65,2.55,0.7,0.2,0.22,0.13,0.09,Zohran Kwame Mamdani,54.48
QN1305,Laurelton,Queens,6046,3423,2412,132,43,13,11,8,4,56.62,39.89,2.18,0.71,0.22,0.18,0.13,0.07,Zohran Kwame Mamdani,56.62
QN1306,Springfield Gardens (South)-Brookville,Queens,3981,2320,1521,100,17,7,4,6,5,58.28,38.21,2.51,0.43,0.18,0.1,0.15,0.13,Zohran Kwame Mamdani,58.28
QN1307,Rosedale,Queens,5081,2923,1938,179,24,6,7,2,3,57.53,38.14,3.52,0.47,0.12,0.14,0.04,0.06,Zohran Kwame Mamdani,57.53
QN1401,Far Rockaway-Bayswater,Queens,9870,3304,6037,419,63,17,17,8,6,33.48,61.17,4.25,0.64,0.17,0.17,0.08,0.06,Andrew M. Cuomo,61.17
QN1402,Rockaway Beach-Arverne-Edgemere,Queens,6306,3022,2447,777,27,10,15,6,2,47.92,38.8,12.32,0.43,0.16,0.24,0.1,0.03,Zohran Kwame Mamdani,47.92
QN1403,Breezy Point-Belle Harbor-Rockaway Park-Broad Channel,Queens,8094,981,4674,2382,14,18,12,7,6,12.12,57.75,29.43,0.17,0.22,0.15,0.09,0.07,Andrew M. Cuomo,57.75
SI0101,St. George-New Brighton,Staten Island,4005,2254,1367,323,26,17,13,3,2,56.28,34.13,8.06,0.65,0.42,0.32,0.07,0.05,Zohran Kwame Mamdani,56.28
SI0102,Tompkinsville-Stapleton-Clifton-Fox Hills,Staten Island,3005,1677,1005,273,23,6,11,6,5,55.81,33.44,9.08,0.77,0.2,0.37,0.2,0.17,Zohran Kwame Mamdani,55.81
SI0103,Rosebank-Shore Acres-Park Hill,Staten Island,5176,2080,2263,795,19,8,5,3,4,40.19,43.72,15.36,0.37,0.15,0.1,0.06,0.08,Andrew M. Cuomo,43.72
SI0104,West New Brighton-Silver Lake-Grymes Hill,Staten Island,10867,3707,5215,1860,30,24,15,13,2,34.11,47.99,17.12,0.28,0.22,0.14,0.12,0.02,Andrew M. Cuomo,47.99
SI0105,Westerleigh-Castleton Corners,Staten Island,12078,2497,6556,2954,19,22,11,12,5,20.67,54.28,24.46,0.16,0.18,0.09,0.1,0.04,Andrew M. Cuomo,54.28
SI0106,Port Richmond,Staten Island,4328,2083,1623,579,22,5,8,5,3,48.13,37.5,13.38,0.51,0.12,0.18,0.12,0.07,Zohran Kwame Mamdani,48.13
SI0107,Mariner's Harbor-Arlington-Graniteville,Staten Island,6802,3415,2492,826,32,10,11,11,6,50.21,36.64,12.14,0.47,0.15,0.16,0.16,0.09,Zohran Kwame Mamdani,50.21
SI0201,Grasmere-Arrochar-South Beach-Dongan Hills,Staten Island,8978,2122,4963,1848,17,11,7,6,2,23.64,55.28,20.58,0.19,0.12,0.08,0.07,0.02,Andrew M. Cuomo,55.28
SI0202,New Dorp-Midland Beach,Staten Island,8075,1518,4624,1888,12,12,10,10,2,18.8,57.26,23.38,0.15,0.15,0.12,0.12,0.02,Andrew M. Cuomo,57.26
SI0203,Todt Hill-Emerson Hill-Lighthouse Hill-Manor Heights,Staten Island,11318,2202,7299,1751,34,15,9,5,3,19.46,64.49,15.47,0.3,0.13,0.08,0.04,0.03,Andrew M. Cuomo,64.49
SI0204,New Springville-Willowbrook-Bulls Head-Travis,Staten Island,11131,2512,6168,2391,21,12,15,9,3,22.57,55.41,21.48,0.19,0.11,0.13,0.08,0.03,Andrew M. Cuomo,55.41
SI0301,Oakwood-Richmondtown,Staten Island,6967,1014,4191,1732,10,9,5,5,1,14.55,60.16,24.86,0.14,0.13,0.07,0.07,0.01,Andrew M. Cuomo,60.16
SI0302,Great Kills-Eltingville,Staten Island,20149,2410,12440,5209,21,32,22,10,6,11.96,61.74,25.85,0.1,0.16,0.11,0.05,0.03,Andrew M. Cuomo,61.74
SI0303,Arden Heights-Rossville,Staten Island,9382,1225,5751,2355,10,15,15,6,4,13.06,61.3,25.1,0.11,0.16,0.16,0.06,0.04,Andrew M. Cuomo,61.3
SI0304,Annadale-Huguenot-Prince's Bay-Woodrow,Staten Island,16539,1615,10772,4110,15,13,6,5,2,9.76,65.13,24.85,0.09,0.08,0.04,0.03,0.01,Andrew M. Cuomo,65.13
SI0305,Tottenville-Charleston,Staten Island,6022,559,3580,1855,5,10,10,2,0,9.28,59.45,30.8,0.08,0.17,0.17,0.03,0.0,Andrew M. Cuomo,59.45
