stop_id,stop_name,stop_lat,stop_lon,NTACode,NTAName,BoroName
101,Van Cortlandt Park-242 St,40.889248,-73.898583,BX2691,Van Cortlandt Park,Bronx
103,238 St,40.884667,-73.90087,BX0802,Kingsbridge-Marble Hill,Bronx
104,231 St,40.878856,-73.904834,BX0802,Kingsbridge-Marble Hill,Bronx
106,Marble Hill-225 St,40.874561,-73.909831,BX0802,Kingsbridge-Marble Hill,Bronx
107,215 St,40.869444,-73.915279,,UNMATCHED,
108,207 St,40.864621,-73.918822,,UNMATCHED,
109,Dyckman St,40.860531,-73.925536,MN1291,Highbridge Park,Manhattan
110,191 St,40.855225,-73.929412,MN1202,Washington Heights (North),Manhattan
111,181 St,40.849505,-73.933596,MN1202,Washington Heights (North),Manhattan
112,168 St-Washington Hts,40.840556,-73.940133,MN1201,Washington Heights (South),Manhattan
113,157 St,40.834041,-73.94489,MN1201,Washington Heights (South),Manhattan
114,145 St,40.826551,-73.95036,MN0903,Hamilton Heights-Sugar Hill,Manhattan
115,137 St-City College,40.822008,-73.953676,MN0902,Manhattanville-West Harlem,Manhattan
116,125 St,40.815581,-73.958372,MN0901,Morningside Heights,Manhattan
117,116 St-Columbia University,40.807722,-73.96411,MN0901,Morningside Heights,Manhattan
118,Cathedral Pkwy (110 St),40.803967,-73.966847,MN0703,Upper West Side-Manhattan Valley,Manhattan
119,103 St,40.799446,-73.968379,MN0703,Upper West Side-Manhattan Valley,Manhattan
120,96 St,40.793919,-73.972323,MN0702,Upper West Side (Central),Manhattan
121,86 St,40.788644,-73.976218,MN0702,Upper West Side (Central),Manhattan
122,79 St,40.783934,-73.979917,MN0702,Upper West Side (Central),Manhattan
123,72 St,40.778453,-73.98197,MN0701,Upper West Side-Lincoln Square,Manhattan
124,66 St-Lincoln Center,40.77344,-73.982209,MN0701,Upper West Side-Lincoln Square,Manhattan
125,59 St-Columbus Circle,40.768247,-73.981929,MN0701,Upper West Side-Lincoln Square,Manhattan
126,50 St,40.761728,-73.983849,MN0502,Midtown-Times Square,Manhattan
127,Times Sq-42 St,40.75529,-73.987495,MN0502,Midtown-Times Square,Manhattan
128,34 St-Penn Station,40.750373,-73.991057,MN0501,Midtown South-Flatiron-Union Square,Manhattan
129,28 St,40.747215,-73.993365,MN0501,Midtown South-Flatiron-Union Square,Manhattan
130,23 St,40.744081,-73.995657,MN0401,Chelsea-Hudson Yards,Manhattan
131,18 St,40.74104,-73.997871,MN0401,Chelsea-Hudson Yards,Manhattan
132,14 St,40.737826,-74.000201,MN0203,West Village,Manhattan
133,Christopher St-Stonewall,40.733422,-74.002906,MN0203,West Village,Manhattan
134,Houston St,40.728251,-74.005367,MN0203,West Village,Manhattan
135,Canal St,40.722854,-74.006277,MN0201,SoHo-Little Italy-Hudson Square,Manhattan
136,Franklin St,40.719318,-74.006886,MN0102,Tribeca-Civic Center,Manhattan
137,Chambers St,40.715478,-74.009266,MN0102,Tribeca-Civic Center,Manhattan
138,WTC Cortlandt,40.711835,-74.012188,,UNMATCHED,
139,Rector St,40.707513,-74.013783,,UNMATCHED,
142,South Ferry,40.702068,-74.013664,,UNMATCHED,
201,Wakefield-241 St,40.903125,-73.85062,BX1203,Wakefield-Woodlawn,Bronx
204,Nereid Av,40.898379,-73.854376,BX1203,Wakefield-Woodlawn,Bronx
205,233 St,40.893193,-73.857473,BX1203,Wakefield-Woodlawn,Bronx
206,225 St,40.888022,-73.860341,BX1201,Williamsbridge-Olinville,Bronx
207,219 St,40.883895,-73.862633,BX1201,Williamsbridge-Olinville,Bronx
208,Gun Hill Rd,40.87785,-73.866256,BX1201,Williamsbridge-Olinville,Bronx
209,Burke Av,40.871356,-73.867164,BX1201,Williamsbridge-Olinville,Bronx
210,Allerton Av,40.865462,-73.867352,BX1104,Allerton,Bronx
211,Pelham Pkwy,40.857192,-73.867615,BX1101,Pelham Parkway-Van Nest,Bronx
212,Bronx Park East,40.848828,-73.868457,BX1101,Pelham Parkway-Van Nest,Bronx
213,E 180 St,40.841894,-73.873488,BX0601,West Farms,Bronx
214,West Farms Sq-E Tremont Av,40.840295,-73.880049,BX0601,West Farms,Bronx
215,174 St,40.837288,-73.887734,BX0303,Crotona Park East,Bronx
216,Freeman St,40.829993,-73.891865,BX0303,Crotona Park East,Bronx
217,Simpson St,40.824073,-73.893064,BX0202,Longwood,Bronx
218,Intervale Av,40.822181,-73.896736,BX0202,Longwood,Bronx
219,Prospect Av,40.819585,-73.90177,BX0102,Melrose,Bronx
220,Jackson Av,40.81649,-73.907807,BX0102,Melrose,Bronx
221,3 Av-149 St,40.816109,-73.917757,BX0102,Melrose,Bronx
222,149 St-Grand Concourse,40.81841,-73.926718,BX0101,Mott Haven-Port Morris,Bronx
224,135 St,40.814229,-73.94077,MN1002,Harlem (North),Manhattan
225,125 St,40.807754,-73.945495,MN1001,Harlem (South),Manhattan
226,116 St,40.802098,-73.949625,MN1001,Harlem (South),Manhattan
227,110 St-Malcolm X Plaza,40.799075,-73.951822,MN1001,Harlem (South),Manhattan
228,Park Place,40.713051,-74.008811,MN0102,Tribeca-Civic Center,Manhattan
229,Fulton St,40.709416,-74.006571,,UNMATCHED,
230,Wall St,40.706821,-74.0091,,UNMATCHED,
231,Clark St,40.697466,-73.993086,BK0201,Brooklyn Heights,Brooklyn
232,Borough Hall,40.693219,-73.989998,BK0202,Downtown Brooklyn-DUMBO-Boerum Hill,Brooklyn
233,Hoyt St,40.690545,-73.985065,BK0202,Downtown Brooklyn-DUMBO-Boerum Hill,Brooklyn
234,Nevins St,40.688246,-73.980492,BK0203,Fort Greene,Brooklyn
235,Atlantic Av-Barclays Ctr,40.684359,-73.977666,BK0602,Park Slope,Brooklyn
236,Bergen St,40.680829,-73.975098,BK0602,Park Slope,Brooklyn
237,Grand Army Plaza,40.675235,-73.971046,BK0602,Park Slope,Brooklyn
238,Eastern Pkwy-Brooklyn Museum,40.671987,-73.964375,BK0801,Prospect Heights,Brooklyn
239,Franklin Av-Medgar Evers College,40.670682,-73.958131,BK0802,Crown Heights (North),Brooklyn
241,President St-Medgar Evers College,40.667883,-73.950683,BK0901,Crown Heights (South),Brooklyn
242,Sterling St,40.662742,-73.95085,BK0902,Prospect Lefferts Gardens-Wingate,Brooklyn
243,Winthrop St,40.656652,-73.9502,BK0902,Prospect Lefferts Gardens-Wingate,Brooklyn
244,Church Av,40.650843,-73.949575,BK1701,East Flatbush-Erasmus,Brooklyn
245,Beverly Rd,40.645098,-73.948959,BK1701,East Flatbush-Erasmus,Brooklyn
246,Newkirk Av-Little Haiti,40.639967,-73.948411,BK1701,East Flatbush-Erasmus,Brooklyn
247,Flatbush Av-Brooklyn College,40.632836,-73.947642,BK1401,Flatbush,Brooklyn
248,Nostrand Av,40.669847,-73.950466,BK0901,Crown Heights (South),Brooklyn
249,Kingston Av,40.669399,-73.942161,BK0901,Crown Heights (South),Brooklyn
250,Crown Hts-Utica Av,40.668897,-73.932942,BK0802,Crown Heights (North),Brooklyn
251,Sutter Av-Rutland Rd,40.664717,-73.92261,BK1602,Brownsville,Brooklyn
252,Saratoga Av,40.661453,-73.916327,BK1602,Brownsville,Brooklyn
253,Rockaway Av,40.662549,-73.908946,BK1602,Brownsville,Brooklyn
254,Junius St,40.663515,-73.902447,BK1602,Brownsville,Brooklyn
255,Pennsylvania Av,40.664635,-73.894895,BK0503,East New York-New Lots,Brooklyn
256,Van Siclen Av,40.665449,-73.889395,BK0503,East New York-New Lots,Brooklyn
257,New Lots Av,40.666235,-73.884079,BK0503,East New York-New Lots,Brooklyn
301,Harlem-148 St,40.82388,-73.93647,MN1002,Harlem (North),Manhattan
302,145 St,40.820421,-73.936245,MN1002,Harlem (North),Manhattan
401,Woodlawn,40.886037,-73.878751,BX0703,Norwood,Bronx
402,Mosholu Pkwy,40.87975,-73.884655,BX0703,Norwood,Bronx
405,Bedford Park Blvd-Lehman College,40.873412,-73.890064,BX0702,Bedford Park,Bronx
406,Kingsbridge Rd,40.86776,-73.897174,BX0701,University Heights (North)-Fordham,Bronx
407,Fordham Rd,40.862803,-73.901034,BX0701,University Heights (North)-Fordham,Bronx
408,183 St,40.858407,-73.903879,BX0503,Fordham Heights,Bronx
409,Burnside Av,40.853453,-73.907684,BX0502,Mount Hope,Bronx
410,176 St,40.84848,-73.911794,BX0502,Mount Hope,Bronx
411,Mt Eden Av,40.844434,-73.914685,BX0403,Mount Eden-Claremont (West),Bronx
412,170 St,40.840075,-73.917791,BX0403,Mount Eden-Claremont (West),Bronx
413,167 St,40.835537,-73.9214,BX0401,Concourse-Concourse Village,Bronx
414,161 St-Yankee Stadium,40.827994,-73.925831,BX0491,Yankee Stadium-Macombs Dam Park,Bronx
415,149 St-Grand Concourse,40.818375,-73.927351,BX0401,Concourse-Concourse Village,Bronx
416,138 St-Grand Concourse,40.813224,-73.929849,BX0401,Concourse-Concourse Village,Bronx
418,Fulton St,40.710368,-74.009509,,UNMATCHED,
419,Wall St,40.707557,-74.011862,,UNMATCHED,
420,Bowling Green,40.704817,-74.014065,,UNMATCHED,
423,Borough Hall,40.692404,-73.990151,BK0201,Brooklyn Heights,Brooklyn
501,Eastchester-Dyre Av,40.8883,-73.830834,BX1202,Eastchester-Edenwald-Baychester,Bronx
502,Baychester Av,40.878663,-73.838591,BX1202,Eastchester-Edenwald-Baychester,Bronx
503,Gun Hill Rd,40.869526,-73.846384,BX1202,Eastchester-Edenwald-Baychester,Bronx
504,Pelham Pkwy,40.858985,-73.855359,BX1102,Morris Park,Bronx
505,Morris Park,40.854364,-73.860495,BX1102,Morris Park,Bronx
601,Pelham Bay Park,40.852462,-73.828121,,UNMATCHED,
602,Buhre Av,40.84681,-73.832569,,UNMATCHED,
603,Middletown Rd,40.843863,-73.836322,,UNMATCHED,
604,Westchester Sq-E Tremont Av,40.839892,-73.842952,BX1001,Westchester Square,Bronx
606,Zerega Av,40.836488,-73.847036,BX1001,Westchester Square,Bronx
607,Castle Hill Av,40.834255,-73.851222,BX1001,Westchester Square,Bronx
608,Parkchester,40.833226,-73.860816,BX0904,Parkchester,Bronx
609,St Lawrence Av,40.831509,-73.867618,BX0901,Soundview-Bruckner-Bronx River,Bronx
610,Morrison Av-Soundview,40.829521,-73.874516,BX0901,Soundview-Bruckner-Bronx River,Bronx
611,Elder Av,40.828584,-73.879159,BX0901,Soundview-Bruckner-Bronx River,Bronx
612,Whitlock Av,40.826525,-73.886283,BX0303,Crotona Park East,Bronx
613,Hunts Point Av,40.820948,-73.890549,BX0201,Hunts Point,Bronx
614,Longwood Av,40.816104,-73.896435,BX0202,Longwood,Bronx
615,E 149 St,40.812118,-73.904098,BX0202,Longwood,Bronx
616,E 143 St-St Mary's St,40.808719,-73.907657,BX0101,Mott Haven-Port Morris,Bronx
617,Cypress Av,40.805368,-73.914042,BX0101,Mott Haven-Port Morris,Bronx
618,Brook Av,40.807566,-73.91924,BX0101,Mott Haven-Port Morris,Bronx
619,3 Av-138 St,40.810476,-73.926138,BX0101,Mott Haven-Port Morris,Bronx
621,125 St,40.804138,-73.937594,,UNMATCHED,
622,116 St,40.798629,-73.941617,,UNMATCHED,
623,110 St,40.79502,-73.94425,MN1101,East Harlem (South),Manhattan
624,103 St,40.7906,-73.947478,MN1101,East Harlem (South),Manhattan
625,96 St,40.785672,-73.95107,MN0802,Upper East Side-Carnegie Hill,Manhattan
626,86 St,40.779492,-73.955589,MN0802,Upper East Side-Carnegie Hill,Manhattan
627,77 St,40.77362,-73.959874,MN0802,Upper East Side-Carnegie Hill,Manhattan
628,68 St-Hunter College,40.768141,-73.96387,MN0802,Upper East Side-Carnegie Hill,Manhattan
629,59 St,40.762526,-73.967967,MN0604,East Midtown-Turtle Bay,Manhattan
630,51 St,40.757107,-73.97192,MN0604,East Midtown-Turtle Bay,Manhattan
631,Grand Central-42 St,40.751776,-73.976848,,UNMATCHED,
632,33 St,40.746081,-73.982076,,UNMATCHED,
633,28 St,40.74307,-73.984264,MN0602,Gramercy,Manhattan
634,23 St-Baruch College,40.739864,-73.986599,MN0602,Gramercy,Manhattan
635,14 St-Union Sq,40.734673,-73.989951,MN0602,Gramercy,Manhattan
636,Astor Pl,40.730054,-73.99107,MN0202,Greenwich Village,Manhattan
637,Bleecker St,40.725915,-73.994659,MN0202,Greenwich Village,Manhattan
638,Spring St,40.722301,-73.997141,MN0201,SoHo-Little Italy-Hudson Square,Manhattan
639,Canal St,40.718803,-74.000193,MN0102,Tribeca-Civic Center,Manhattan
640,Brooklyn Bridge-City Hall,40.713065,-74.004131,MN0102,Tribeca-Civic Center,Manhattan
701,Flushing-Main St,40.7596,-73.83003,QN0707,Flushing-Willets Point,Queens
702,Mets-Willets Point,40.754622,-73.845625,QN8191,Flushing Meadows-Corona Park,Queens
705,111 St,40.75173,-73.855334,QN0402,Corona,Queens
706,103 St-Corona Plaza,40.749865,-73.8627,QN0303,North Corona,Queens
707,Junction Blvd,40.749145,-73.869527,QN0402,Corona,Queens
708,90 St-Elmhurst Av,40.748408,-73.876613,QN0401,Elmhurst,Queens
709,82 St-Jackson Hts,40.747659,-73.883697,QN0401,Elmhurst,Queens
710,74 St-Broadway,40.746848,-73.891394,QN0401,Elmhurst,Queens
711,69 St,40.746325,-73.896403,QN0401,Elmhurst,Queens
712,61 St-Woodside,40.74563,-73.902984,QN0271,Calvary & Mount Zion Cemeteries,Queens
713,52 St,40.744149,-73.912549,QN0202,Sunnyside,Queens
714,46 St-Bliss St,40.743132,-73.918435,QN0202,Sunnyside,Queens
715,40 St-Lowery St,40.743781,-73.924016,QN0202,Sunnyside,Queens
716,33 St-Rawson St,40.744587,-73.930997,QN0202,Sunnyside,Queens
718,Queensboro Plaza,40.750582,-73.940202,QN0201,Long Island City-Hunters Point,Queens
719,Court Sq,40.747023,-73.945264,QN0201,Long Island City-Hunters Point,Queens
720,Hunters Point Av,40.742216,-73.948916,QN0201,Long Island City-Hunters Point,Queens
721,Vernon Blvd-Jackson Av,40.742626,-73.953581,QN0201,Long Island City-Hunters Point,Queens
723,Grand Central-42 St,40.751431,-73.976041,,UNMATCHED,
724,5 Av,40.753821,-73.981963,MN0502,Midtown-Times Square,Manhattan
725,Times Sq-42 St,40.755477,-73.987691,MN0502,Midtown-Times Square,Manhattan
726,34 St-Hudson Yards,40.755882,-74.00191,MN0401,Chelsea-Hudson Yards,Manhattan
901,Grand Central-42 St,40.752769,-73.979189,MN0502,Midtown-Times Square,Manhattan
902,Times Sq-42 St,40.755983,-73.986229,MN0502,Midtown-Times Square,Manhattan
A02,Inwood-207 St,40.868072,-73.919899,,UNMATCHED,
A03,Dyckman St,40.865491,-73.927271,MN1202,Washington Heights (North),Manhattan
A05,190 St,40.859022,-73.93418,MN1202,Washington Heights (North),Manhattan
A06,181 St,40.851695,-73.937969,MN1202,Washington Heights (North),Manhattan
A07,175 St,40.847391,-73.939704,MN1201,Washington Heights (South),Manhattan
A09,168 St,40.840719,-73.939561,MN1201,Washington Heights (South),Manhattan
A10,163 St-Amsterdam Av,40.836013,-73.939892,MN1201,Washington Heights (South),Manhattan
A11,155 St,40.830518,-73.941514,MN1201,Washington Heights (South),Manhattan
A12,145 St,40.824783,-73.944216,MN0903,Hamilton Heights-Sugar Hill,Manhattan
A14,135 St,40.817894,-73.947649,MN1002,Harlem (North),Manhattan
A15,125 St,40.811109,-73.952343,MN1001,Harlem (South),Manhattan
A16,116 St,40.805085,-73.954882,MN1001,Harlem (South),Manhattan
A17,Cathedral Pkwy (110 St),40.800603,-73.958161,MN1001,Harlem (South),Manhattan
A18,103 St,40.796092,-73.961454,MN6491,Central Park,Manhattan
A19,96 St,40.791642,-73.964696,MN0702,Upper West Side (Central),Manhattan
A20,86 St,40.785868,-73.968916,MN6491,Central Park,Manhattan
A21,81 St-Museum of Natural History,40.781433,-73.972143,MN6491,Central Park,Manhattan
A22,72 St,40.775594,-73.97641,MN0701,Upper West Side-Lincoln Square,Manhattan
A24,59 St-Columbus Circle,40.768296,-73.981736,MN6491,Central Park,Manhattan
A25,50 St,40.762456,-73.985984,MN0502,Midtown-Times Square,Manhattan
A27,42 St-Port Authority Bus Terminal,40.757308,-73.989735,MN0402,Hell's Kitchen,Manhattan
A28,34 St-Penn Station,40.752287,-73.993391,MN0502,Midtown-Times Square,Manhattan
A30,23 St,40.745906,-73.998041,MN0401,Chelsea-Hudson Yards,Manhattan
A31,14 St,40.740893,-74.00169,MN0401,Chelsea-Hudson Yards,Manhattan
A32,W 4 St-Wash Sq,40.732338,-74.000495,MN0202,Greenwich Village,Manhattan
A33,Spring St,40.726227,-74.003739,MN0201,SoHo-Little Italy-Hudson Square,Manhattan
A34,Canal St,40.720824,-74.005229,MN0102,Tribeca-Civic Center,Manhattan
A36,Chambers St,40.714111,-74.008585,MN0102,Tribeca-Civic Center,Manhattan
A38,Fulton St,40.710197,-74.007691,,UNMATCHED,
A40,High St,40.699337,-73.990531,BK0202,Downtown Brooklyn-DUMBO-Boerum Hill,Brooklyn
A41,Jay St-MetroTech,40.692338,-73.987342,BK0202,Downtown Brooklyn-DUMBO-Boerum Hill,Brooklyn
A42,Hoyt-Schermerhorn Sts,40.688484,-73.985001,BK0202,Downtown Brooklyn-DUMBO-Boerum Hill,Brooklyn
A43,Lafayette Av,40.686113,-73.973946,BK0203,Fort Greene,Brooklyn
A44,Clinton-Washington Avs,40.683263,-73.965838,BK0204,Clinton Hill,Brooklyn
A45,Franklin Av,40.68138,-73.956848,BK0301,Bedford-Stuyvesant (West),Brooklyn
A46,Nostrand Av,40.680438,-73.950426,BK0301,Bedford-Stuyvesant (West),Brooklyn
A47,Kingston-Throop Avs,40.679921,-73.940858,BK0301,Bedford-Stuyvesant (West),Brooklyn
A48,Utica Av,40.679364,-73.930729,BK0302,Bedford-Stuyvesant (East),Brooklyn
A49,Ralph Av,40.678822,-73.920786,BK1601,Ocean Hill,Brooklyn
A50,Rockaway Av,40.67834,-73.911946,BK1601,Ocean Hill,Brooklyn
A51,Broadway Junction,40.678334,-73.905316,BK1601,Ocean Hill,Brooklyn
A52,Liberty Av,40.674542,-73.896548,BK0502,East New York (North),Brooklyn
A53,Van Siclen Av,40.67271,-73.890358,BK0502,East New York (North),Brooklyn
A54,Shepherd Av,40.67413,-73.88075,BK0502,East New York (North),Brooklyn
A55,Euclid Av,40.675377,-73.872106,BK0505,East New York-City Line,Brooklyn
A57,Grant Av,40.677044,-73.86505,BK0505,East New York-City Line,Brooklyn
A59,80 St,40.679371,-73.858992,QN0904,Ozone Park (North),Queens
A60,88 St,40.679843,-73.85147,QN0904,Ozone Park (North),Queens
A61,Rockaway Blvd,40.680429,-73.843853,QN0904,Ozone Park (North),Queens
A63,104 St,40.681711,-73.837683,QN0904,Ozone Park (North),Queens
A64,111 St,40.684331,-73.832163,QN0903,South Richmond Hill,Queens
A65,Ozone Park-Lefferts Blvd,40.685951,-73.825798,QN0903,South Richmond Hill,Queens
B04,21 St-Queensbridge,40.754203,-73.942836,QN0105,Queensbridge-Ravenswood-Dutch Kills,Queens
B06,Roosevelt Island,40.759145,-73.95326,,UNMATCHED,
B08,Lexington Av/63 St,40.764629,-73.966113,MN0802,Upper East Side-Carnegie Hill,Manhattan
B10,57 St,40.763972,-73.97745,MN0502,Midtown-Times Square,Manhattan
B12,9 Av,40.646292,-73.994324,BK1201,Sunset Park (East)-Borough Park (West),Brooklyn
B13,Fort Hamilton Pkwy,40.640914,-73.994304,BK1202,Borough Park,Brooklyn
B14,50 St,40.63626,-73.994791,BK1202,Borough Park,Brooklyn
B15,55 St,40.631435,-73.995476,BK1202,Borough Park,Brooklyn
B16,62 St,40.626472,-73.996895,BK1202,Borough Park,Brooklyn
B17,71 St,40.619589,-73.998864,BK1101,Bensonhurst,Brooklyn
B18,79 St,40.613501,-74.00061,BK1101,Bensonhurst,Brooklyn
B19,18 Av,40.607954,-74.001736,BK1102,Bath Beach,Brooklyn
B20,20 Av,40.604556,-73.998168,BK1101,Bensonhurst,Brooklyn
B21,Bay Pkwy,40.601875,-73.993728,BK1103,Gravesend (West),Brooklyn
B22,25 Av,40.597704,-73.986829,BK1103,Gravesend (West),Brooklyn
B23,Bay 50 St,40.588841,-73.983765,BK1301,Gravesend (South),Brooklyn
D01,Norwood-205 St,40.874811,-73.878855,BX0703,Norwood,Bronx
D03,Bedford Park Blvd,40.873244,-73.887138,BX0702,Bedford Park,Bronx
D04,Kingsbridge Rd,40.866978,-73.893509,BX0702,Bedford Park,Bronx
D05,Fordham Rd,40.861296,-73.897749,BX0503,Fordham Heights,Bronx
D06,182-183 Sts,40.856093,-73.900741,BX0503,Fordham Heights,Bronx
D07,Tremont Av,40.85041,-73.905227,BX0502,Mount Hope,Bronx
D08,174-175 Sts,40.8459,-73.910136,BX0502,Mount Hope,Bronx
D09,170 St,40.839306,-73.9134,BX0403,Mount Eden-Claremont (West),Bronx
D10,167 St,40.833771,-73.91844,BX0401,Concourse-Concourse Village,Bronx
D11,161 St-Yankee Stadium,40.827905,-73.925651,BX0401,Concourse-Concourse Village,Bronx
D12,155 St,40.830135,-73.938209,MN1002,Harlem (North),Manhattan
D13,145 St,40.824783,-73.944216,MN0903,Hamilton Heights-Sugar Hill,Manhattan
D14,7 Av,40.762862,-73.981637,MN0502,Midtown-Times Square,Manhattan
D15,47-50 Sts-Rockefeller Ctr,40.758663,-73.981329,MN0502,Midtown-Times Square,Manhattan
D16,42 St-Bryant Pk,40.754222,-73.984569,MN0502,Midtown-Times Square,Manhattan
D17,34 St-Herald Sq,40.749719,-73.987823,MN0501,Midtown South-Flatiron-Union Square,Manhattan
D18,23 St,40.742878,-73.992821,MN0501,Midtown South-Flatiron-Union Square,Manhattan
D19,14 St,40.738228,-73.996209,MN0501,Midtown South-Flatiron-Union Square,Manhattan
D20,W 4 St-Wash Sq,40.732338,-74.000495,MN0202,Greenwich Village,Manhattan
D21,Broadway-Lafayette St,40.725297,-73.996204,MN0202,Greenwich Village,Manhattan
D22,Grand St,40.718267,-73.993753,,UNMATCHED,
D24,Atlantic Av-Barclays Ctr,40.68446,-73.97689,BK0602,Park Slope,Brooklyn
D25,7 Av,40.67705,-73.972367,BK0801,Prospect Heights,Brooklyn
D26,Prospect Park,40.661614,-73.962246,BK0902,Prospect Lefferts Gardens-Wingate,Brooklyn
D27,Parkside Av,40.655292,-73.961495,BK0902,Prospect Lefferts Gardens-Wingate,Brooklyn
D28,Church Av,40.650527,-73.962982,BK1401,Flatbush,Brooklyn
D29,Beverley Rd,40.644031,-73.964492,BK1402,Flatbush (West)-Ditmas Park-Parkville,Brooklyn
D30,Cortelyou Rd,40.640927,-73.963891,BK1402,Flatbush (West)-Ditmas Park-Parkville,Brooklyn
D31,Newkirk Plaza,40.635082,-73.962793,BK1402,Flatbush (West)-Ditmas Park-Parkville,Brooklyn
D32,Avenue H,40.62927,-73.961639,BK1402,Flatbush (West)-Ditmas Park-Parkville,Brooklyn
D33,Avenue J,40.625039,-73.960803,BK1403,Midwood,Brooklyn
D34,Avenue M,40.617618,-73.959399,BK1403,Midwood,Brooklyn
D35,Kings Hwy,40.60867,-73.957734,BK1502,Madison,Brooklyn
D37,Avenue U,40.5993,-73.955929,BK1502,Madison,Brooklyn
D38,Neck Rd,40.595246,-73.955161,BK1503,Sheepshead Bay-Manhattan Beach-Gerritsen Beach,Brooklyn
D39,Sheepshead Bay,40.586896,-73.954155,BK1503,Sheepshead Bay-Manhattan Beach-Gerritsen Beach,Brooklyn
D40,Brighton Beach,40.577621,-73.961376,BK1303,Brighton Beach,Brooklyn
D41,Ocean Pkwy,40.576312,-73.968501,BK1302,Coney Island-Sea Gate,Brooklyn
D42,W 8 St-NY Aquarium,40.576127,-73.975939,BK1302,Coney Island-Sea Gate,Brooklyn
D43,Coney Island-Stillwell Av,40.577422,-73.981233,BK1302,Coney Island-Sea Gate,Brooklyn
E01,World Trade Center,40.712582,-74.009781,MN0102,Tribeca-Civic Center,Manhattan
F01,Jamaica-179 St,40.712646,-73.783817,QN0804,Jamaica Estates-Holliswood,Queens
F02,169 St,40.71047,-73.793604,QN1201,Jamaica,Queens
F03,Parsons Blvd,40.707564,-73.803326,QN1201,Jamaica,Queens
F04,Sutphin Blvd,40.70546,-73.810708,QN1201,Jamaica,Queens
F05,Briarwood,40.709179,-73.820574,QN0805,Jamaica Hills-Briarwood,Queens
F06,Kew Gardens-Union Tpke,40.714441,-73.831008,QN0602,Forest Hills,Queens
F07,75 Av,40.718331,-73.837324,QN0602,Forest Hills,Queens
F09,Court Sq-23 St,40.747846,-73.946,QN0201,Long Island City-Hunters Point,Queens
F11,Lexington Av/53 St,40.757552,-73.969055,MN0604,East Midtown-Turtle Bay,Manhattan
F12,5 Av/53 St,40.760167,-73.975224,MN0502,Midtown-Times Square,Manhattan
F14,2 Av,40.723402,-73.989938,,UNMATCHED,
F15,Delancey St-Essex St,40.718611,-73.988114,,UNMATCHED,
F16,East Broadway,40.713715,-73.990173,MN0301,Chinatown-Two Bridges,Manhattan
F18,York St,40.701397,-73.986751,BK0202,Downtown Brooklyn-DUMBO-Boerum Hill,Brooklyn
F20,Bergen St,40.686145,-73.990862,BK0202,Downtown Brooklyn-DUMBO-Boerum Hill,Brooklyn
F21,Carroll St,40.680303,-73.995048,BK0601,Carroll Gardens-Cobble Hill-Gowanus-Red Hook,Brooklyn
F22,Smith-9 Sts,40.67358,-73.995959,BK0601,Carroll Gardens-Cobble Hill-Gowanus-Red Hook,Brooklyn
F23,4 Av-9 St,40.670272,-73.989779,BK0601,Carroll Gardens-Cobble Hill-Gowanus-Red Hook,Brooklyn
F24,7 Av,40.666271,-73.980305,BK0602,Park Slope,Brooklyn
F25,15 St-Prospect Park,40.660365,-73.979493,BK0701,Windsor Terrace-South Slope,Brooklyn
F26,Fort Hamilton Pkwy,40.650782,-73.975776,BK0701,Windsor Terrace-South Slope,Brooklyn
F27,Church Av,40.644041,-73.979678,BK1203,Kensington,Brooklyn
F29,Ditmas Av,40.636119,-73.978172,BK1203,Kensington,Brooklyn
F30,18 Av,40.629755,-73.976971,BK1202,Borough Park,Brooklyn
F31,Avenue I,40.625322,-73.976127,BK1204,Mapleton-Midwood (West),Brooklyn
F32,Bay Pkwy,40.620769,-73.975264,BK1204,Mapleton-Midwood (West),Brooklyn
F33,Avenue N,40.61514,-73.974197,BK1204,Mapleton-Midwood (West),Brooklyn
F34,Avenue P,40.608944,-73.973022,BK1103,Gravesend (West),Brooklyn
F35,Kings Hwy,40.603217,-73.972361,BK1103,Gravesend (West),Brooklyn
F36,Avenue U,40.596063,-73.973357,BK1501,Gravesend (East)-Homecrest,Brooklyn
F38,Avenue X,40.58962,-73.97425,BK1301,Gravesend (South),Brooklyn
F39,Neptune Av,40.581011,-73.974574,BK1302,Coney Island-Sea Gate,Brooklyn
G05,Jamaica Center-Parsons/Archer,40.702147,-73.801109,QN1201,Jamaica,Queens
G06,Sutphin Blvd-Archer Av-JFK Airport,40.700486,-73.807969,QN1201,Jamaica,Queens
G07,Jamaica-Van Wyck,40.702566,-73.816859,QN0902,Richmond Hill,Queens
G08,Forest Hills-71 Av,40.721691,-73.844521,QN0602,Forest Hills,Queens
G09,67 Av,40.726523,-73.852719,QN0602,Forest Hills,Queens
G10,63 Dr-Rego Park,40.729846,-73.861604,QN0601,Rego Park,Queens
G11,Woodhaven Blvd,40.733106,-73.869229,QN0401,Elmhurst,Queens
G12,Grand Av-Newtown,40.737015,-73.877223,QN0401,Elmhurst,Queens
G13,Elmhurst Av,40.742454,-73.882017,QN0401,Elmhurst,Queens
G14,Jackson Hts-Roosevelt Av,40.746644,-73.891338,QN0401,Elmhurst,Queens
G15,65 St,40.749669,-73.898453,QN0401,Elmhurst,Queens
G16,Northern Blvd,40.752885,-73.906006,QN0202,Sunnyside,Queens
G18,46 St,40.756312,-73.913333,QN0104,Astoria (East)-Woodside (North),Queens
G19,Steinway St,40.756879,-73.92074,QN0102,Old Astoria-Hallets Point,Queens
G20,36 St,40.752039,-73.928781,QN0201,Long Island City-Hunters Point,Queens
G21,Queens Plaza,40.748973,-73.937243,QN0201,Long Island City-Hunters Point,Queens
G22,Court Sq,40.746554,-73.943832,QN0201,Long Island City-Hunters Point,Queens
G24,21 St,40.744065,-73.949724,QN0201,Long Island City-Hunters Point,Queens
G26,Greenpoint Av,40.731352,-73.954449,BK0101,Greenpoint,Brooklyn
G28,Nassau Av,40.724635,-73.951277,BK0101,Greenpoint,Brooklyn
G29,Metropolitan Av,40.712792,-73.951418,BK0102,Williamsburg,Brooklyn
G30,Broadway,40.706092,-73.950308,BK0103,South Williamsburg,Brooklyn
G31,Flushing Av,40.700377,-73.950234,BK0103,South Williamsburg,Brooklyn
G32,Myrtle-Willoughby Avs,40.694568,-73.949046,BK0301,Bedford-Stuyvesant (West),Brooklyn
G33,Bedford-Nostrand Avs,40.689627,-73.953522,BK0301,Bedford-Stuyvesant (West),Brooklyn
G34,Classon Av,40.688873,-73.96007,BK0301,Bedford-Stuyvesant (West),Brooklyn
G35,Clinton-Washington Avs,40.688089,-73.966839,BK0204,Clinton Hill,Brooklyn
G36,Fulton St,40.687119,-73.975375,BK0203,Fort Greene,Brooklyn
H01,Aqueduct Racetrack,40.672097,-73.835919,QN1002,Ozone Park,Queens
H02,Aqueduct-N Conduit Av,40.668234,-73.834058,,UNMATCHED,
H03,Howard Beach-JFK Airport,40.660476,-73.830301,,UNMATCHED,
H04,Broad Channel,40.608382,-73.815925,,UNMATCHED,
H06,Beach 67 St,40.590927,-73.796924,,UNMATCHED,
H07,Beach 60 St,40.592374,-73.788522,,UNMATCHED,
H08,Beach 44 St,40.592943,-73.776013,,UNMATCHED,
H09,Beach 36 St,40.595398,-73.768175,,UNMATCHED,
H10,Beach 25 St,40.600066,-73.761353,,UNMATCHED,
H11,Far Rockaway-Mott Av,40.603995,-73.755405,QN1306,Springfield Gardens (South)-Brookville,Queens
H12,Beach 90 St,40.588034,-73.813641,,UNMATCHED,
H13,Beach 98 St,40.585307,-73.820558,,UNMATCHED,
H14,Beach 105 St,40.583209,-73.827559,,UNMATCHED,
H15,Rockaway Park-Beach 116 St,40.580903,-73.835592,,UNMATCHED,
J12,121 St,40.700492,-73.828294,QN0902,Richmond Hill,Queens
J13,111 St,40.697418,-73.836345,QN0902,Richmond Hill,Queens
J14,104 St,40.695178,-73.84433,QN0902,Richmond Hill,Queens
J15,Woodhaven Blvd,40.693879,-73.851576,QN0905,Woodhaven,Queens
J16,85 St-Forest Pkwy,40.692435,-73.86001,QN0905,Woodhaven,Queens
J17,75 St-Elderts Ln,40.691324,-73.867139,QN0905,Woodhaven,Queens
J19,Cypress Hills,40.689941,-73.87255,BK0571,Highland Park-Cypress Hills Cemeteries (South),Brooklyn
J20,Crescent St,40.683194,-73.873785,BK0501,Cypress Hills,Brooklyn
J21,Norwood Av,40.68141,-73.880039,BK0501,Cypress Hills,Brooklyn
J22,Cleveland St,40.679947,-73.884639,BK0501,Cypress Hills,Brooklyn
J23,Van Siclen Av,40.678024,-73.891688,BK0502,East New York (North),Brooklyn
J24,Alabama Av,40.676992,-73.898654,BK0502,East New York (North),Brooklyn
J27,Broadway Junction,40.679498,-73.904512,BK0402,Bushwick (East),Brooklyn
J28,Chauncey St,40.682893,-73.910456,BK0402,Bushwick (East),Brooklyn
J29,Halsey St,40.68637,-73.916559,BK0402,Bushwick (East),Brooklyn
J30,Gates Av,40.68963,-73.92227,BK0402,Bushwick (East),Brooklyn
J31,Kosciuszko St,40.693342,-73.928814,BK0302,Bedford-Stuyvesant (East),Brooklyn
L01,8 Av,40.739777,-74.002578,MN0203,West Village,Manhattan
L02,6 Av,40.737335,-73.996786,MN0501,Midtown South-Flatiron-Union Square,Manhattan
L03,14 St-Union Sq,40.734789,-73.99073,MN0202,Greenwich Village,Manhattan
L05,3 Av,40.732849,-73.986122,,UNMATCHED,
L06,1 Av,40.730953,-73.981628,,UNMATCHED,
L08,Bedford Av,40.717304,-73.956872,BK0102,Williamsburg,Brooklyn
L10,Lorimer St,40.714063,-73.950275,BK0104,East Williamsburg,Brooklyn
L11,Graham Av,40.714565,-73.944053,BK0104,East Williamsburg,Brooklyn
L12,Grand St,40.711926,-73.94067,BK0104,East Williamsburg,Brooklyn
L13,Montrose Av,40.707739,-73.93985,BK0104,East Williamsburg,Brooklyn
L14,Morgan Av,40.706152,-73.933147,BK0104,East Williamsburg,Brooklyn
L15,Jefferson St,40.706607,-73.922913,BK0401,Bushwick (West),Brooklyn
L16,DeKalb Av,40.703811,-73.918425,BK0401,Bushwick (West),Brooklyn
L17,Myrtle-Wyckoff Avs,40.699814,-73.911586,BK0402,Bushwick (East),Brooklyn
L19,Halsey St,40.695602,-73.904084,QN0502,Ridgewood,Queens
L20,Wilson Av,40.688764,-73.904046,BK0402,Bushwick (East),Brooklyn
L21,Bushwick Av-Aberdeen St,40.682829,-73.905249,BK0402,Bushwick (East),Brooklyn
L22,Broadway Junction,40.678856,-73.90324,BK1601,Ocean Hill,Brooklyn
L24,Atlantic Av,40.675345,-73.903097,BK1602,Brownsville,Brooklyn
L25,Sutter Av,40.669367,-73.901975,BK1602,Brownsville,Brooklyn
L26,Livonia Av,40.664038,-73.900571,BK1602,Brownsville,Brooklyn
L27,New Lots Av,40.658733,-73.899232,BK1602,Brownsville,Brooklyn
L28,East 105 St,40.650573,-73.899485,,UNMATCHED,
L29,Canarsie-Rockaway Pkwy,40.646654,-73.90185,,UNMATCHED,
M01,Middle Village-Metropolitan Av,40.711396,-73.889601,QN0571,Mount Olivet & All Faiths Cemeteries,Queens
M04,Fresh Pond Rd,40.706186,-73.895877,QN0502,Ridgewood,Queens
M05,Forest Av,40.704423,-73.903077,QN0502,Ridgewood,Queens
M06,Seneca Av,40.702762,-73.90774,QN0502,Ridgewood,Queens
M08,Myrtle-Wyckoff Avs,40.69943,-73.912385,BK0402,Bushwick (East),Brooklyn
M09,Knickerbocker Av,40.698664,-73.919711,BK0401,Bushwick (West),Brooklyn
M10,Central Av,40.697857,-73.927397,BK0401,Bushwick (West),Brooklyn
M11,Myrtle Av,40.697207,-73.935657,BK0401,Bushwick (West),Brooklyn
M12,Flushing Av,40.70026,-73.941126,BK0302,Bedford-Stuyvesant (East),Brooklyn
M13,Lorimer St,40.703869,-73.947408,BK0103,South Williamsburg,Brooklyn
M14,Hewes St,40.70687,-73.953431,BK0102,Williamsburg,Brooklyn
M16,Marcy Av,40.708359,-73.957757,BK0103,South Williamsburg,Brooklyn
M18,Delancey St-Essex St,40.718315,-73.987437,,UNMATCHED,
M19,Bowery,40.72028,-73.993915,MN0201,SoHo-Little Italy-Hudson Square,Manhattan
M20,Canal St,40.718092,-73.999892,MN0102,Tribeca-Civic Center,Manhattan
M21,Chambers St,40.713243,-74.003401,MN0102,Tribeca-Civic Center,Manhattan
M22,Fulton St,40.710374,-74.007582,,UNMATCHED,
M23,Broad St,40.706476,-74.011056,,UNMATCHED,
N02,8 Av,40.635064,-74.011719,BK0703,Sunset Park (Central),Brooklyn
N03,Fort Hamilton Pkwy,40.631386,-74.005351,BK1202,Borough Park,Brooklyn
N04,New Utrecht Av,40.624842,-73.996353,BK1202,Borough Park,Brooklyn
N05,18 Av,40.620671,-73.990414,BK1101,Bensonhurst,Brooklyn
N06,20 Av,40.61741,-73.985026,BK1204,Mapleton-Midwood (West),Brooklyn
N07,Bay Pkwy,40.611815,-73.981848,BK1101,Bensonhurst,Brooklyn
N08,Kings Hwy,40.603923,-73.980353,BK1103,Gravesend (West),Brooklyn
N09,Avenue U,40.597473,-73.979137,BK1103,Gravesend (West),Brooklyn
N10,86 St,40.592721,-73.97823,BK1501,Gravesend (East)-Homecrest,Brooklyn
Q01,Canal St,40.718383,-74.00046,MN0102,Tribeca-Civic Center,Manhattan
Q03,72 St,40.768799,-73.958424,,UNMATCHED,
Q04,86 St,40.777891,-73.951787,,UNMATCHED,
Q05,96 St,40.784318,-73.947152,MN1101,East Harlem (South),Manhattan
R01,Astoria-Ditmars Blvd,40.775036,-73.912034,QN0101,Astoria (North)-Ditmars-Steinway,Queens
R03,Astoria Blvd,40.770258,-73.917843,QN0101,Astoria (North)-Ditmars-Steinway,Queens
R04,30 Av,40.766779,-73.921479,QN0101,Astoria (North)-Ditmars-Steinway,Queens
R05,Broadway,40.76182,-73.925508,QN0102,Old Astoria-Hallets Point,Queens
R06,36 Av,40.756804,-73.929575,QN0105,Queensbridge-Ravenswood-Dutch Kills,Queens
R08,39 Av-Dutch Kills,40.752882,-73.932755,QN0201,Long Island City-Hunters Point,Queens
R09,Queensboro Plaza,40.750582,-73.940202,QN0201,Long Island City-Hunters Point,Queens
R11,Lexington Av/59 St,40.76266,-73.967258,MN0604,East Midtown-Turtle Bay,Manhattan
R13,5 Av/59 St,40.764811,-73.973347,MN6491,Central Park,Manhattan
R14,57 St-7 Av,40.764664,-73.980658,MN0502,Midtown-Times Square,Manhattan
R15,49 St,40.759901,-73.984139,MN0502,Midtown-Times Square,Manhattan
R16,Times Sq-42 St,40.754672,-73.986754,MN0502,Midtown-Times Square,Manhattan
R17,34 St-Herald Sq,40.749567,-73.98795,MN0501,Midtown South-Flatiron-Union Square,Manhattan
R18,28 St,40.745494,-73.988691,MN0501,Midtown South-Flatiron-Union Square,Manhattan
R19,23 St,40.741303,-73.989344,MN0501,Midtown South-Flatiron-Union Square,Manhattan
R20,14 St-Union Sq,40.735736,-73.990568,MN0602,Gramercy,Manhattan
R21,8 St-NYU,40.730328,-73.992629,MN0202,Greenwich Village,Manhattan
R22,Prince St,40.724329,-73.997702,MN0201,SoHo-Little Italy-Hudson Square,Manhattan
R23,Canal St,40.719527,-74.001775,MN0102,Tribeca-Civic Center,Manhattan
R24,City Hall,40.713282,-74.006978,MN0102,Tribeca-Civic Center,Manhattan
R25,Cortlandt St,40.710668,-74.011029,,UNMATCHED,
R26,Rector St,40.70722,-74.013342,,UNMATCHED,
R27,Whitehall St-South Ferry,40.703087,-74.012994,,UNMATCHED,
R28,Court St,40.6941,-73.991777,BK0202,Downtown Brooklyn-DUMBO-Boerum Hill,Brooklyn
R29,Jay St-MetroTech,40.69218,-73.985942,BK0202,Downtown Brooklyn-DUMBO-Boerum Hill,Brooklyn
R30,DeKalb Av,40.690635,-73.981824,BK0203,Fort Greene,Brooklyn
R31,Atlantic Av-Barclays Ctr,40.683666,-73.97881,BK0202,Downtown Brooklyn-DUMBO-Boerum Hill,Brooklyn
R32,Union St,40.677316,-73.98311,BK0601,Carroll Gardens-Cobble Hill-Gowanus-Red Hook,Brooklyn
R33,4 Av-9 St,40.670847,-73.988302,BK0602,Park Slope,Brooklyn
R34,Prospect Av,40.665414,-73.992872,BK0701,Windsor Terrace-South Slope,Brooklyn
R35,25 St,40.660397,-73.998091,BK0702,Sunset Park (West),Brooklyn
R36,36 St,40.655144,-74.003549,BK0702,Sunset Park (West),Brooklyn
R39,45 St,40.648939,-74.010006,BK0702,Sunset Park (West),Brooklyn
R40,53 St,40.645069,-74.014034,BK0702,Sunset Park (West),Brooklyn
R41,59 St,40.641362,-74.017881,BK0702,Sunset Park (West),Brooklyn
R42,Bay Ridge Av,40.634967,-74.023377,BK1001,Bay Ridge,Brooklyn
R43,77 St,40.629742,-74.02551,BK1001,Bay Ridge,Brooklyn
R44,86 St,40.622687,-74.028398,BK1001,Bay Ridge,Brooklyn
R45,Bay Ridge-95 St,40.616622,-74.030876,BK1001,Bay Ridge,Brooklyn
S01,Franklin Av,40.680596,-73.955827,BK0301,Bedford-Stuyvesant (West),Brooklyn
S03,Park Pl,40.674772,-73.957624,BK0802,Crown Heights (North),Brooklyn
S04,Botanic Garden,40.670343,-73.959245,BK0901,Crown Heights (South),Brooklyn
S09,Tottenville,40.512764,-74.251961,SI0305,Tottenville-Charleston,Staten Island
S11,Arthur Kill,40.516578,-74.242096,SI0305,Tottenville-Charleston,Staten Island
S13,Richmond Valley,40.519631,-74.229141,SI0305,Tottenville-Charleston,Staten Island
S14,Pleasant Plains,40.52241,-74.217847,SI0304,Annadale-Huguenot-Prince's Bay-Woodrow,Staten Island
S15,Prince's Bay,40.525507,-74.200064,SI0304,Annadale-Huguenot-Prince's Bay-Woodrow,Staten Island
S16,Huguenot,40.533674,-74.191794,SI0304,Annadale-Huguenot-Prince's Bay-Woodrow,Staten Island
S17,Annadale,40.54046,-74.178217,SI0304,Annadale-Huguenot-Prince's Bay-Woodrow,Staten Island
S18,Eltingville,40.544601,-74.16457,SI0302,Great Kills-Eltingville,Staten Island
S19,Great Kills,40.551231,-74.151399,SI0302,Great Kills-Eltingville,Staten Island
S20,Bay Terrace,40.5564,-74.136907,SI0301,Oakwood-Richmondtown,Staten Island
S21,Oakwood Heights,40.56511,-74.12632,SI0301,Oakwood-Richmondtown,Staten Island
S22,New Dorp,40.57348,-74.11721,SI0202,New Dorp-Midland Beach,Staten Island
S23,Grant City,40.578965,-74.109704,SI0202,New Dorp-Midland Beach,Staten Island
S24,Jefferson Av,40.583591,-74.103338,SI0202,New Dorp-Midland Beach,Staten Island
S25,Dongan Hills,40.588849,-74.09609,SI0201,Grasmere-Arrochar-South Beach-Dongan Hills,Staten Island
S26,Old Town,40.596612,-74.087368,SI0201,Grasmere-Arrochar-South Beach-Dongan Hills,Staten Island
S27,Grasmere,40.603117,-74.084087,SI0201,Grasmere-Arrochar-South Beach-Dongan Hills,Staten Island
S28,Clifton,40.621319,-74.071402,SI0103,Rosebank-Shore Acres-Park Hill,Staten Island
S29,Stapleton,40.627915,-74.075162,SI0102,Tompkinsville-Stapleton-Clifton-Fox Hills,Staten Island
S30,Tompkinsville,40.636949,-74.074835,SI0102,Tompkinsville-Stapleton-Clifton-Fox Hills,Staten Island
S31,St George,40.643748,-74.073643,SI0101,St. George-New Brighton,Staten Island
