NTACode,median_income,income_score
BK0101,133636.0,0.4051876417427377
BK0102,144083.0,0.34565854103274185
BK0103,44085.0,0.9154671954596738
BK0104,88457.0,0.6626266425062965
BK0201,181645.0,0.13162273354074783
BK0202,155905.5,0.2782915655236077
BK0203,129817.0,0.426949069483857
BK0204,139329.0,0.37274778624910254
BK0301,93003.0,0.636722622995658
BK0302,71786.0,0.7576213431798238
BK0401,92250.0,0.6410133679783925
BK0402,74124.5,0.7442961012912122
BK0501,75702.0,0.7353071899894014
BK0502,71829.0,0.7573763205579678
BK0503,58755.5,0.8318717449029597
BK0504,38380.0,0.9479754293594083
BK0505,51772.0,0.8716651281525294
BK0601,165923.0,0.22120984193191795
BK0602,189495.5,0.08688901045049968
BK0701,136727.0,0.3875745039716457
BK0702,79678.0,0.7126511447684821
BK0703,60679.0,0.820911256225284
BK0801,168580.0,0.20606972318141936
BK0802,84771.0,0.6836302095798147
BK0901,85234.0,0.6809919427444813
BK0902,82091.5,0.6988985378417496
BK1001,94425.5,0.6286169327726304
BK1002,74306.0,0.7432618778989595
BK1061,106875.0,0.5576771855448049
BK1101,68417.5,0.7768157315919633
BK1102,91923.0,0.6428766795445998
BK1103,74993.0,0.7393472141497714
BK1201,65461.5,0.7936596122944374
BK1202,59395.0,0.8282277456779149
BK1203,87440.5,0.6684188633229626
BK1204,72066.5,0.7560229979372515
BK1301,59004.0,0.8304557420766522
BK1302,50183.5,0.8807167196599314
BK1303,51538.5,0.8729956579712127
BK1401,77145.5,0.7270818375556999
BK1402,91500.0,0.645287018359602
BK1403,74912.5,0.7398059192906881
BK1501,70216.5,0.7665646688775685
BK1502,75521.0,0.7363385642814
BK1503,74608.5,0.741538172245205
BK1601,67101.5,0.784314563460859
BK1602,44825.0,0.911250527083547
BK1701,76607.0,0.7301503185294085
BK1702,81058.0,0.7047876280670564
BK1703,75852.5,0.7344496108129053
BK1704,65104.5,0.7956938698758932
BK1801,89259.5,0.6580538365984022
BK1802,112646.0,0.5247928704115241
BK1803,88688.0,0.661310358188884
BX0101,31092.0,0.9895039146637492
BX0102,30084.5,0.9952448516758408
BX0201,36385.5,0.9593404902731717
BX0202,39409.0,0.9421119810363887
BX0301,31298.0,0.9883300853590437
BX0302,38722.5,0.9460237956853226
BX0303,36435.0,0.9590584293480119
BX0401,47083.5,0.8983811412355978
BX0402,46794.0,0.9000307702827447
BX0403,44063.5,0.9155897067706018
BX0501,37008.0,0.9557933604567678
BX0502,41780.0,0.928601547631258
BX0503,37543.0,0.9527448231848382
BX0601,29250.0,1.0
BX0602,36484.0,0.9587792175231062
BX0603,31964.0,0.9845350838205295
BX0701,42976.0,0.9217864998233558
BX0702,42750.0,0.923074293138227
BX0703,49603.0,0.8840245250549876
BX0801,59134.0,0.8297149760105759
BX0802,61797.0,0.8145406680570276
BX0803,100548.0,0.5937297001606893
BX0901,39743.0,0.9402087820666234
BX0902,53180.5,0.8636392127366178
BX0903,58717.0,0.8320911256225284
BX0904,58569.0,0.8329344592977538
BX1001,53491.0,0.861869921478797
BX1002,91247.0,0.6467286630881968
BX1003,90640.0,0.6501874707967223
BX1004,67234.0,0.783559551893512
BX1101,61760.0,0.814751501475834
BX1102,82885.5,0.6943741666381756
BX1103,87515.5,0.6679914982848416
BX1104,49720.0,0.883357835595519
BX1201,61000.0,0.8190821338621264
BX1202,79386.0,0.7143150193168997
BX1203,87344.5,0.6689658905717575
MN0101,190388.0,0.08180336649686026
MN0102,189250.0,0.0882879186752823
MN0201,146967.0,0.3292249307668639
MN0202,179844.0,0.14188519265615918
MN0203,187647.0,0.0974221340900544
MN0301,36384.0,0.9593490375739342
MN0302,82807.5,0.6948186262778215
MN0303,95632.0,0.6217420538593912
MN0401,128562.0,0.43410031112174774
MN0402,109494.0,0.5427535984136209
MN0501,200235.5,0.025690336991578078
MN0502,163646.0,0.23418464448927034
MN0601,177940.0,0.15273456642392336
MN0602,146179.0,0.3337151127673881
MN0603,136979.0,0.3861385574435593
MN0604,163678.5,0.23399945297275115
MN0701,184896.0,0.11309788368833118
MN0702,154118.0,0.2884770989321572
MN0703,132301.5,0.4127918903210366
MN0801,129472.0,0.4289149486592134
MN0802,204744.0,0.0
MN0803,141343.0,0.36127161042542766
MN0901,75728.5,0.7351561876759319
MN0902,50453.0,0.87918105462295
MN0903,63574.0,0.8044149657538149
MN1001,78763.0,0.7178649982335579
MN1002,56884.0,0.8425359271542047
MN1101,40027.0,0.9385904931222719
MN1102,44697.5,0.9119770476483526
MN1201,67024.0,0.7847561740002507
MN1202,70095.5,0.7672541511390703
MN1203,74728.0,0.7408572372844655
QN0101,107192.0,0.5558708559836804
QN0102,111875.0,0.5291861830034075
QN0103,94628.0,0.6274630471697038
QN0104,88549.0,0.6621024080595348
QN0105,81310.0,0.70335168153897
QN0161,184083.0,0.11773052070156242
QN0201,171458.0,0.18967030211859093
QN0202,81997.5,0.6994341686895278
QN0203,75815.0,0.7346632933319658
QN0301,80378.5,0.7086595553124324
QN0302,77612.5,0.7244207779183334
QN0303,78293.5,0.7205403033721951
QN0401,73641.0,0.7470511812369653
QN0402,70921.0,0.7625502866194855
QN0501,86230.0,0.6753165350382349
QN0502,90544.5,0.650731648945263
QN0503,91488.0,0.6453553967657014
QN0504,100313.0,0.5950687772801349
QN0601,89774.5,0.6551192633366383
QN0602,108078.0,0.5508222503333448
QN0701,85819.0,0.6776584954471379
QN0702,105313.0,0.5665777747387375
QN0703,110572.0,0.5366109382656956
QN0704,66683.0,0.7866992603735741
QN0705,67277.0,0.783314529271656
QN0706,70028.0,0.7676387796733791
QN0707,54914.0,0.8537613821555152
QN0801,90162.0,0.6529112106396799
QN0802,97280.0,0.6123514194217465
QN0803,94219.0,0.6297936111775901
QN0804,97285.5,0.612320079318951
QN0805,87135.5,0.6701568144779879
QN0901,85514.0,0.679396446602163
QN0902,84452.0,0.6854479355419558
QN0903,82296.5,0.6977304067375523
QN0904,75611.0,0.7358257262356548
QN0905,86524.0,0.6736412640888008
QN1001,100354.0,0.5948351510592955
QN1002,84150.0,0.6871687920954563
QN1003,94354.0,0.6290243541089724
QN1101,96250.0,0.6182205659452744
QN1102,106615.0,0.5591587176769577
QN1103,118603.5,0.49084584088344896
QN1104,99140.0,0.6017527664763468
QN1201,60212.0,0.8235723158626506
QN1202,76434.0,0.7311361072173408
QN1203,89766.0,0.6551676980409586
QN1204,74978.5,0.7394298380571416
QN1205,100585.0,0.5935188667418829
QN1206,86488.0,0.6738463993070989
QN1301,110839.5,0.535086669629731
QN1302,106552.0,0.5595177043089792
QN1303,102125.0,0.5847436379591324
QN1304,115000.0,0.5113793064150342
QN1305,112868.0,0.523527869898686
QN1306,111464.0,0.5315281434123105
QN1307,114647.0,0.5133907711944568
QN1401,70278.0,0.7662142295463092
QN1402,56800.0,0.8430145759969002
QN1403,122443.0,0.46896760003190996
SI0101,72094.5,0.7558634483230195
SI0102,50189.0,0.8806853795571359
SI0103,74759.0,0.7406805930687089
SI0104,97432.0,0.6114852929444881
SI0105,116180.0,0.5046554298152643
SI0106,85951.5,0.6769034838797907
SI0107,83138.5,0.692932521909581
SI0201,78558.0,0.7190331293377552
SI0202,95384.5,0.6231523584851903
SI0203,106979.0,0.5570845726919439
SI0204,97412.0,0.6115992569546538
SI0301,117083.0,0.499509954756288
SI0302,126250.0,0.4472745506968899
SI0303,107003.0,0.5569478158797452
SI0304,108076.0,0.5508336467343613
SI0305,131745.0,0.41596293890389413
SI9561,67273.0,0.7833373220736891
