route_id,NTACode
B82+,BK0504
B83,BK0504
B82,BK0504
BM5,BK0504
BM2,BK0504
B82+,BK1803
B82,BK1803
B60,BK1803
B6,BK1803
B82+,BK1801
B82,BK1801
B7,BK1801
B82+,BK1403
B82,BK1403
B7,BK1403
B82+,BK1502
B82,BK1502
B7,BK1502
B82+,BK1501
B82,BK1501
B82+,BK1103
B82,BK1103
B82+,BK1101
B82,BK1101
B6,BK1101
B82+,BK1102
B82,BK1102
B6,BK1102
B6,BK1103
B7,BK1501
B82+,BK1802
B82,BK1802
B7,BK1802
B103,BK1803
BM2,BK1803
B42,BK1803
Q56,BK1601
Q24,BK1601
B83,BK1601
B20,BK1601
Q56,BK0502
Q24,BK0502
B83,BK0502
Q56,BK0501
B13,BK0501
Q56,QN0905
Q56,QN0902
Q54,QN0902
Q56,QN1201
Q54,QN1201
Q20,QN1201
Q60,QN1201
Q41,QN1201
Q110,QN1201
Q24,QN1201
Q42,QN1201
Q84,QN1201
Q83,QN1201
Q08,QN1201
Q24,QN0902
Q24,QN0905
Q24,BK0501
B83,BK0501
B20,BK0501
B25,BK1601
Q24,BK0402
B20,BK0402
B7,BK0402
B47,BK0402
Q24,BK0302
B47,BK0302
Q24,BK0505
Q24,QN0904
Q24,QN0903
Q44+,QN1201
Q115,QN1201
Q112,QN1201
Q31,QN1201
Q56,QN0805
Q54,QN0805
Q07,QN0905
Q56,BK0571
B15,BK0302
B15,BK0802
B65,BK0802
B47,BK0802
B15,BK1602
B15,BK1704
B35,BK1704
B35,BK1602
B8,BK1602
B15,BK0503
B83,BK0503
B15,BK0505
B20,BK0505
B13,BK0505
BM5,BK0505
B15,QN1003
BM5,QN1003
B15,QN8381
B15,QN1001
B15,QN1002
B14,BK0505
Q08,BK0505
B47,BK1602
B15,BK1601
B47,BK1601
B45,BK0802
B15,BK0401
B46,BK0401
B47,BK0401
B17,BK1803
B17,BK1704
B8,BK1704
B47,BK1704
B17,BK1703
B17,BK0902
B12,BK0902
B17,BK0901
B14,BK0901
B46,BK0901
B46+,BK0901
B47,BK1703
B17,BK1893
B14,BK0502
B14,BK1602
B12,BK1602
B14,BK0802
B14,BK0891
B7,BK1602
B25,BK0502
B12,BK0502
B25,BK0302
B25,BK0301
B44,BK0301
B49,BK0301
B25,BK0204
B26,BK0204
B25,BK0203
B26,BK0203
B52,BK0203
B25,BK0202
B52,BK0202
B26,BK0202
B38,BK0202
B25,BK0201
B26,BK0301
BM5,BK0503
B20,BK0503
B20,BK0502
B83,BK5693
B13,BK0504
B45,BK0801
B45,BK0204
B45,BK0203
B41,BK0203
B67,BK0203
B45,BK0202
B41,BK0202
B67,BK0202
B103,BK0202
B45,BK0201
B45,BK0602
B65,BK0801
B65,BK0602
B65,BK0202
B57,BK0202
B61,BK0202
B65,BK0201
B61,BK0201
B63,BK0202
B49,BK0802
B12,BK1601
B60,BK1601
B12,BK0802
B12,BK0891
B12,BK0901
B12,BK1701
B12,BK1401
B12,BK1703
B12,BK1704
B60,BK1602
B84,BK0504
Q08,BK0504
B84,BK0505
B84,BK0503
B6,BK0503
B82,BK0503
X28,BK1103
X38,BK1103
B82,BK1301
X28,BK1301
X38,BK1301
B82,BK1302
X38,BK1302
X28,BK1302
B49,BK1503
B1,BK1503
B4,BK1503
B36,BK1503
BM3,BK1503
B49,BK1502
BM3,BK1502
B100,BK1502
B49,BK1403
BM3,BK1403
B9,BK1403
BM4,BK1403
BM1,BK1403
B49,BK1401
BM4,BK1401
BM3,BK1401
BM1,BK1401
B8,BK1401
B49,BK1701
B8,BK1701
B44+,BK1701
B49,BK0902
B49,BK0901
B48,BK0802
B49,BK1402
BM1,BK1402
BM3,BK1402
BM4,BK1402
B49,BK1303
B44+,BK1401
B44+,BK0902
B44+,BK0802
B44+,BK0301
B44+,BK0103
B44,BK0103
B44+,BK0102
B44,BK0102
B44,BK0802
B44,BK0902
B44,BK1701
B44+,BK1403
B44,BK1403
B44+,BK1801
B44,BK1801
BM4,BK1801
B44+,BK1502
B44,BK1502
B44+,BK1503
B44+,BK1802
BM4,BK1802
B44,BK1503
B44,BK1802
B44,BK1401
B44,BK1702
B44,BK0901
BM4,BK1502
B41,BK1801
B9,BK1801
Q35,BK1801
B41,BK1401
B11,BK1401
B103,BK1401
B41,BK1701
B103,BK1701
BM2,BK1701
B41,BK0902
B46+,BK0302
B46,BK0302
B46+,BK0902
B46,BK0902
B46+,BK1703
B46+,BK1702
B46+,BK1801
B46,BK1801
B46+,BK1802
B46,BK1802
B46,BK1702
B46,BK0102
B46,BK0103
B24,BK0103
B46,BK0802
B46,BK1703
B41,BK1802
B9,BK1802
B46,BK0104
Q54,BK0102
B60,BK0102
B24,BK0102
B41,BK5591
B41,BK0602
B69,BK0602
B41,BK0801
B67,BK0801
B67,BK0602
BM1,BK1802
B69,BK0801
B16,BK0902
BM2,BK1401
Q35,BK1802
B31,BK1891
BM4,BK1891
B31,BK1503
BM4,BK1503
B31,BK1502
B2,BK1502
B2,BK1802
B7,BK1703
B8,BK1703
B7,BK1704
B7,BK1601
B7,BK0302
B7,BK1702
Q54,QN0901
Q54,QN0602
Q54,QN0601
QM42,QN0601
QM12,QN0601
Q54,QN0573
Q29,QN0573
Q47,QN0573
Q54,QN0504
Q54,QN0571
Q67,QN0571
Q38,QN0571
Q54,QN0501
Q67,QN0501
Q38,QN0501
Q54,BK0104
Q59,BK0104
Q59,BK0102
Q54,QN0502
Q14,QN0502
Q39,QN0502
Q67,QN0502
Q38,QN0502
Q54,QN0572
Q29,QN0504
Q47,QN0504
Q54,QN0503
QM12,QN0503
QM42,QN0503
Q23,QN0503
Q23,QN0602
QM12,QN0602
QM42,QN0602
B60,BK0503
B60,BK0402
B60,BK0401
B60,BK0104
B43,BK0104
B39,BK0102
B47,BK1801
B6,BK1801
BM1,BK1801
B47,BK1802
B3,BK1802
B100,BK1802
B47,BK1803
B52,QN0502
B54,QN0502
B52,BK0402
Q55,BK0402
B52,BK0302
B52,BK0301
B52,BK0204
B48,BK0301
B54,BK0402
B62,BK0202
B26,BK0302
B26,BK1601
B26,BK0402
B26,QN0502
B13,BK0401
B13,QN0502
B20,QN0502
QM25,QN0502
QM24,QN0502
QM34,QN0502
B13,QN0503
Q39,QN0503
B13,QN0574
B13,BK0571
Q58,QN0502
Q98,QN0502
B13,BK0402
Q55,QN0902
Q55,QN8291
Q55,QN0503
QM34,QN0503
QM24,QN0503
QM25,QN0503
Q55,QN0502
Q55,QN0574
Q37,QN0902
B54,BK0401
B54,BK0302
B54,BK0301
B54,BK0204
B54,BK0203
B54,BK0202
Q14,QN0302
Q49,QN0302
Q14,QN0303
Q14,QN0402
QM10,QN0402
QM40,QN0402
QM11,QN0402
Q14,QN0401
Q88,QN0401
QM10,QN0401
QM40,QN0401
QM11,QN0401
Q29,QN0401
Q14,QN0504
QM25,QN0504
QM24,QN0504
QM34,QN0504
Q14,QN0501
QM25,QN0501
QM24,QN0501
QM34,QN0501
Q14,QN0601
Q29,QN0601
Q11,QN0601
Q67,QN0504
Q38,QN0504
Q18,QN0501
Q67,QN0271
Q39,QN0271
Q67,QN0202
B24,QN0271
B24,QN0202
Q67,QN0201
Q101,QN0201
Q39,QN0501
Q58,QN0501
Q59,QN0501
Q39,QN0203
Q39,QN0202
Q39,QN0201
Q29,QN0503
Q11,QN0401
Q52+,QN0401
Q58,QN0401
Q11,QN0504
QM15,QN0504
B62,QN0102
Q103,QN0102
Q19,QN0102
Q18,QN0102
Q69,QN0102
Q100,QN0102
B62,QN0105
Q66,QN0105
Q69,QN0105
Q103,QN0105
Q100,QN0105
B62,QN0201
Q103,QN0201
B32,QN0201
B62,BK0101
B32,BK0101
B43,BK0101
B48,BK0101
B62,BK0102
B62,BK0103
B67,BK0103
B62,BK0203
B62,BK0261
B62,BK0204
B48,BK0204
B48,BK0103
B32,BK0102
B38,QN0502
B38,BK0401
B38,BK0302
B38,BK0301
B38,BK0204
B38,BK0203
B38,BK0402
B39,MN0302
M15,MN0302
Q98,QN0501
Q59,QN0401
Q98,QN0401
Q47,QN0401
Q60,QN0401
Q59,QN0601
Q72,QN0601
Q53+,QN0401
B24,BK0104
B24,BK0101
B48,BK0104
B48,BK0102
B48,BK0901
B48,BK0902
B43,BK0902
B57,QN0501
B57,QN0502
B57,BK0104
B57,BK0103
B57,BK0261
B69,BK0261
B69,BK0202
B57,BK0201
B57,BK0601
B61,BK0601
B57,BK0203
B69,BK0203
B57,BK0204
B57,BK0301
B57,BK0302
B43,BK0302
B57,BK0401
B9,BK1204
B9,BK1202
B9,BK1201
B9,BK0703
B9,BK0702
B9,BK1001
B64,BK1001
X37,BK1001
X27,BK1001
B16,BK1001
B1,BK1001
B70,BK1001
B16,BK1002
B70,BK1002
B16,BK1202
B35,BK1202
B16,BK1203
B16,BK1402
B16,BK1401
B16,BK5591
B16,BK0701
B16,BK1201
B16,BK0703
S53,BK1001
S93,BK1001
B37,BK1001
B37,BK0202
B37,BK0601
B37,BK0702
B70,BK0702
B103,BK0601
B63,BK1001
B63,BK0703
B63,BK0771
B63,BK0702
B63,BK0701
B63,BK0602
B63,BK0201
B63,BK0601
B8,BK1001
B67,BK0701
B69,BK0701
B67,BK0702
B69,BK0702
B61,BK0701
B67,BK0771
B69,BK0771
B67,BK1203
B69,BK1203
B103,BK1203
BM3,BK1203
BM4,BK1203
B67,BK0261
B69,BK0204
B11,BK0703
B11,BK1201
B11,BK1202
B11,BK1204
B68,BK1204
B11,BK1403
B6,BK1403
B6,BK1401
B11,BK0702
B11,BK1402
B8,BK1202
B35,BK0702
B35,BK0703
B70,BK0703
B35,BK1201
B35,BK1203
B35,BK1402
B35,BK1401
B35,BK1701
B35,BK1703
B68,BK0701
B68,BK1203
B68,BK1402
B8,BK1402
B68,BK1501
B68,BK1301
B68,BK1303
B1,BK1303
B68,BK1302
B36,BK1302
B64,BK1302
B74,BK1302
B68,BK1403
B68,BK5591
B64,BK1002
S79+,BK1001
B70,BK1061
B70,BK1091
B8,BK1091
B4,BK1002
B70,BK1201
B4,BK1001
B4,BK1101
B4,BK1103
B3,BK1103
B1,BK1103
B4,BK1301
B1,BK1301
B4,BK1501
B1,BK1501
B36,BK1301
B4,BK1302
B1,BK1302
B4,BK1303
B36,BK1303
B8,BK1061
B8,BK1102
X28,BK1102
X38,BK1102
B8,BK1101
B8,BK1204
B8,BK1702
B8,BK1203
B61,BK0602
B43,BK0901
B43,BK0802
B43,BK0103
B43,BK0301
X28,BK1001
X38,BK1001
B1,BK1091
X28,BK1091
X38,BK1091
B64,BK1091
B1,BK1102
B1,BK1101
B1,BK1002
X38,BK1002
X28,BK1002
B64,BK1102
B64,BK1103
B64,BK1301
X37,MN0502
X27,MN0502
X28,MN0502
X38,MN0502
SIM31,MN0502
SIM25,MN0502
SIM8,MN0502
X37,MN0501
X27,MN0501
X28,MN0501
X38,MN0501
BXM9,MN0501
BXM10,MN0501
BXM11,MN0501
SIM33C,MN0501
SIM3C,MN0501
SIM3,MN0501
SIM4C,MN0501
SIM1C,MN0501
X37,MN0602
X38,MN0602
SIM3,MN0602
SIM31,MN0602
SIM10,MN0602
BM2,MN0602
BM3,MN0602
BM1,MN0602
BM4,MN0602
M23+,MN0602
SIM11,MN0602
SIM6,MN0602
X37,MN0302
X38,MN0302
X37,MN0191
X38,MN0191
X37,MN0101
X37,BK0702
SIM34,BK0702
SIM35,BK0702
SIM4C,BK0702
SIM4,BK0702
SIM2,BK0702
X27,BK0702
X27,MN0102
X28,MN0102
M55,MN0102
SIM32,MN0102
X27,MN0101
X28,MN0101
X27,MN0202
X28,MN0202
SIM33C,MN0202
SIM3C,MN0202
SIM4C,MN0202
SIM1C,MN0202
X27,MN0201
X28,MN0201
SIM34,MN0201
SIM33C,MN0201
SIM3C,MN0201
SIM4C,MN0201
SIM1,MN0201
SIM1C,MN0201
X38,BK0702
X28,BK0702
SIM31,BK0702
SIM5,BK0702
SIM15,MN0101
SIM5,MN0101
X27,MN0191
X28,MN0191
M20,MN0191
M55,MN0101
SIM34,MN0101
SIM32,MN0101
SIM33C,MN0101
SIM3C,MN0101
SIM4C,MN0101
SIM4,MN0101
SIM2,MN0101
SIM1C,MN0101
SIM1,MN0101
BM2,MN0101
BM4,MN0101
BM3,MN0101
BM1,MN0101
BXM18,MN0102
M55,MN0201
M21,MN0201
M55,MN0202
SIM33,MN0202
SIM7,MN0202
SIM9,MN0202
M23+,MN0501
QM63,MN0501
QM68,MN0501
QM64,MN0501
M2,MN0502
M1,MN0502
SIM30,MN0502
SIM23,MN0502
SIM24,MN0502
SIM26,MN0502
BM2,MN0502
BM4,MN0502
BM3,MN0502
BM5,MN0502
BM1,MN0502
BXM11,MN0502
X37,BK0601
X38,MN0101
X37,MN0301
X38,MN0301
SIM3,MN0301
SIM31,MN0301
SIM11,MN0301
SIM6,MN0301
X37,MN0601
X38,MN0601
SIM31,MN0601
QM63,MN0602
QM68,MN0602
QM64,MN0602
SIM31,MN0501
SIM11,MN0501
SIM10,MN0501
SIM6,MN0501
BM2,MN0501
BM4,MN0501
BM3,MN0501
BM1,MN0501
B36,BK1501
B3,BK1501
B3,BK1502
B3,BK1503
B3,BK1891
B6,BK1702
B103,BK1801
BM2,BK1801
B6,BK1204
B6,BK1301
B44,BK1891
B41,BK1891
B100,BK1891
BX26,BX1004
BX30,BX1004
BX28,BX1004
BX23,BX1004
Q50,BX1004
BXM7,BX1004
BX26,BX1202
BX25,BX1202
BX38,BX1202
BX28,BX1202
BX26,BX1103
BX25,BX1103
BX31,BX1103
BX26,BX1104
BX25,BX1104
BX26,BX2791
BX25,BX2791
BX26,BX0702
BX25,BX0702
BX34,BX0702
BX28,BX0702
BX10,BX0702
BX38,BX0702
BX22,BX0702
BX25,BX1004
BX38,BX1004
BX26,BX0603
BX25,BX0603
BX41+,BX0503
BX41+,BX0502
BX41+,BX0302
BX41+,BX0403
BX41+,BX0401
BX41,BX0401
BX41+,BX0301
BX41+,BX0102
BX41,BX0102
BX41+,BX0101
BX41,BX0302
BX35,BX0302
BX41,BX0502
BX41+,BX0603
BX41,BX0603
BX41+,BX0703
BX41,BX0703
BX41+,BX1201
BX39,BX1201
BX41,BX1201
BXM11,BX1201
BX41+,BX0702
BX41,BX0702
BX41,BX0503
BX40,BX0502
BX42,BX0502
BX41,BX0403
BX41,BX0301
BX41,BX0101
BX21,BX0102
BX39,BX1203
BXM11,BX1203
BX16,BX1203
BX8,BX1201
BX39,BX1104
BXM11,BX1104
BX39,BX1101
BX22,BX1101
BX39,BX0901
BX36,BX0901
BX39,BX0903
BX36,BX0903
BX39,BX0902
BX27,BX0902
BX5,BX0902
BX36,BX0902
BX39,BX0904
BX36,BX0904
BX4,BX1001
BX4A,BX1001
BX4,BX0904
BX4A,BX0904
BX11,BX0904
Q44+,BX0904
BX4,BX0901
BX4A,BX0901
BX27,BX0901
BX4,BX0303
BX4A,BX0303
BX27,BX0303
BX4,BX0202
BX4,BX0102
BX19,BX0102
BX4,BX0903
BX4A,BX0903
BX11,BX0903
Q44+,BX0903
BX4A,BX0202
BX27,BX0202
BX40,BX1001
BX42,BX1001
BX4A,BX1102
BX40,BX1102
BX42,BX1102
BXM6,BX0904
BX34,BX2691
BX31,BX2691
BX34,BX1203
BX31,BX1203
BXM4,BX1203
BX16,BX2691
BX34,BX0703
BX16,BX0703
BXM4,BX0703
BX38,BX0703
BX28,BX0703
BX10,BX0703
BX34,BX0701
BX22,BX0701
BX34,BX1271
BX16,BX1271
BXM4,BX1271
BX40,BX1101
BX42,BX1101
BX36,BX1101
BX40,BX0601
BX42,BX0601
BX9,BX0601
BX40,BX0602
BX42,BX0602
BX40,BX0501
BX42,BX0501
BX3,BX0501
BX18A,BX0501
BX40,BX0901
BX42,BX0901
BX40,BX0904
BX42,BX0904
BX40,BX1002
BX42,BX1002
BXM9,BX1002
BX42,BX1161
BX42,BX1091
BX30,BX1202
BX16,BX1202
BX30,BX1201
BX30,BX1103
BX30,BX1104
BX30,BX1101
BX24,BX1161
BX24,BX1001
BX8,BX1001
BX31,BX1001
BX24,BX1003
BX8,BX1003
BX5,BX1003
Q50,BX1003
BX24,BX1002
BX5,BX1002
Q50,BX1002
BXM8,BX1002
BX24,BX2891
BX5,BX2891
Q50,BX2891
BXM8,BX2891
BX21,BX1161
BX29,BX2891
BX29,BX1003
BXM8,BX1003
BX23,BX2891
BX22,BX0903
BX5,BX0903
BX22,BX1001
BX22,BX0904
BX22,BX2791
BXM11,BX2791
BX22,BX0902
BX12+,BX2791
BX12,BX2791
BX22,BX0603
BX12,BX0603
BX9,BX0603
BX17,BX0603
BX9,BX0701
BX22,BX0503
BX12,BX0503
BX9,BX0702
BX32,BX0701
BX22,BX0801
BX28,BX0701
BX38,BX0701
BX12+,BX2891
BX12,BX2891
BX12+,BX1004
BX12,BX1004
BX5,BX1004
BX12+,BX1202
BX12,BX1202
BX5,BX1202
BX12+,BX1003
BX12,BX1003
BX12+,BX1161
BX12,BX1161
BX12+,BX1102
BX12,BX1102
BX12+,BX1101
BX12+,BX0603
BX12+,BX0701
BX12,BX0701
BX12+,MN1203
BX12,MN1203
BX12+,BX0503
BX5,BX0901
BX5,BX0202
BX19,BX0202
BX5,BX0201
BX31,BX1271
BX12,BX1101
BXM3,BX0701
BX28,BX2791
BX38,BX2791
BX28,BX1201
BX38,BX1201
BX28,BX1103
BX38,BX1103
BX1,BX0702
BX2,BX0702
BX1,BX0703
BX2,BX0703
M100,MN1292
BX20,MN1292
BX7,MN1292
BXM1,MN1292
M100,MN1203
BXM1,MN1203
M100,MN1202
BX7,MN1202
M5,MN1202
M100,MN1201
BX7,MN1201
M5,MN1201
M3,MN1201
M101,MN1201
M100,MN0903
M101,MN0903
M100,MN0902
M101,MN0902
M11,MN0902
M100,MN0901
M125,MN0901
M101,MN0901
M11,MN0901
M104,MN0901
BXM1,MN1202
M100,MN1291
BX18A,BX0403
BX18B,BX0403
BX18A,BX0402
BX18B,BX0402
BX18B,BX0501
BX36,BX0501
BX15,BX0603
BX15,BX0602
BX15,BX0302
BX15,BX0301
BX21,BX0301
BX15,BX0102
M125,BX0102
BX20,MN1203
BX7,MN1203
BX20,BX0802
BX7,BX0802
BX9,BX0802
BX1,BX0802
BX10,BX0802
BX2,BX0802
BX20,BX0803
BX10,BX0803
BXM2,BX0803
BXM18,BX0803
BXM1,BX0803
BX7,BX0803
BXM2,BX0802
BXM18,BX0802
BXM1,BX0802
BX1,BX0101
BX2,BX0101
BX1,BX0401
BX2,BX0401
BXM4,BX0401
BX1,BX0403
BX2,BX0403
BXM4,BX0403
BX1,BX0502
BX2,BX0502
BXM4,BX0502
BX1,BX0503
BX2,BX0503
BX1,BX0701
BX2,BX0701
BXM4,BX0701
BXM4,BX0702
BX1,BX0801
BX2,BX0801
BX10,BX0801
BXM3,BX0801
BX21,BX0101
BX2,BX0102
BXM3,BX0702
BXM4,BX0503
BX32,BX0101
BX19,BX0101
BX3,MN1201
BX3,MN1202
BX13,MN1202
BX11,MN1202
BX35,MN1202
BX36,MN1202
BX3,BX0701
BX3,BX0801
BX9,BX0801
BX32,BX0801
BX3,BX0702
BX3,BX0802
BX13,MN1201
BX13,BX0402
BX6,BX0402
BX13,BX0491
BX13,BX0401
BX13,BX0403
BX35,BX0403
BX11,BX0403
BX6+,BX0491
BX6,BX0491
BX6+,BX0401
BX6,BX0401
BX13,BX0301
BX6+,BX0301
BX6,BX0301
BX9,BX2691
BXM3,BX2691
BX19,BX0603
BX9,BX0602
BX19,BX0602
Q44+,BX0601
BX19,BX0601
BX9,BX2791
BX19,BX2791
BX9,BX0803
BXM3,BX0803
BX6+,BX0201
BX46,BX0201
BX6,BX0201
BX6+,BX0202
BX6,BX0202
BX6+,MN1201
BX6,MN1201
BX6+,MN0903
BX6,MN0903
BX33,BX0101
M125,BX0101
BX33,BX0401
BX33,MN1102
M1,MN1102
BX33,MN1002
BX17,BX0101
BX8,BX1104
BX8,BX1102
BX8,BX1002
BX8,BX1103
BX17,BX0202
BX17,BX0301
BX17,BX0303
BX17,BX0391
BX17,BX0602
BX17,BX0102
BX21,BX0303
BX11,BX0303
BX21,BX0601
BX21,BX1101
BXM10,BX1101
BX21,BX1102
BXM10,BX1102
BX21,BX1001
BX31,BX1161
BX31,BX1102
BXM10,BX0601
BX36,BX0601
BX35,BX0402
BX11,BX0402
BX35,BX0401
BX35,BX0301
BX35,BX0303
BX35,BX0202
BX35,MN1201
BX46,BX0102
BX46,BX0202
BX19,MN0903
BX19,MN1002
BX19,BX0401
BX19,BX0201
BX19,BX0303
M11,MN0903
BXM10,BX1103
BX31,BX1202
BXM10,BX1202
BX31,BX1201
BX32,BX0102
BX32,BX0401
BX32,BX0403
BX32,BX0502
BX32,BX0503
BX32,BX0702
BX32,BX0501
M2,MN0903
BX11,MN1201
BX11,BX0302
BX11,BX0391
BX11,BX0901
Q44+,BX0901
BX11,BX0492
M98,MN1202
BX36,BX0502
BX36,BX0602
BXM8,BX0903
M60+,MN0703
M60+,MN0901
M4,MN0901
M60+,MN1001
M60+,MN1102
M60+,MN1191
M60+,QN0101
M60+,QN0104
Q19,QN0104
M60+,QN0301
Q47,QN0301
Q19,QN0301
M60+,QN0302
Q47,QN0302
Q72,QN0302
M60+,QN8081
Q72,QN8081
Q70+,QN8081
Q90,QN8081
Q33,QN0101
Q69,QN0101
Q19,QN0101
M66,MN0801
M66,MN0802
M66,MN6491
M72,MN6491
M66,MN0701
M20,MN0701
M72,MN0802
M9,MN0603
M15,MN0603
M34+,MN0603
M34A+,MN0603
M9,MN0602
M34+,MN0602
M34A+,MN0602
M9,MN0601
M23+,MN0601
M9,MN0303
M14D+,MN0303
M21,MN0303
M9,MN0302
M14A+,MN0302
M9,MN0301
M22,MN0301
M103,MN0301
M9,MN0101
M9,MN0102
M20,MN0101
M21,MN0302
M14A+,MN0203
M20,MN0203
M14D+,MN0203
M7,MN0203
M14A+,MN0202
M14D+,MN0202
M14A+,MN0303
M22,MN0302
M14A+,MN0601
M14D+,MN0601
M14A+,MN0602
M14D+,MN0602
M14A+,MN0501
M14D+,MN0501
M14A+,MN0401
M14D+,MN0401
M12,MN0401
M11,MN0401
M8,MN0303
M14D+,MN0302
M50,MN0402
M42,MN0402
M12,MN0402
M50,MN0502
M50,MN0604
M42,MN0401
SIM30,MN0402
SIM26,MN0402
SIM25,MN0402
SIM8,MN0402
SIM22,MN0402
M42,MN0502
SIM22,MN0502
M42,MN0603
M42,MN0604
M104,MN0701
M10,MN0701
M5,MN0701
M7,MN0701
M20,MN0502
M104,MN0502
M5,MN0502
M7,MN0502
BXM2,MN0502
Q32,MN0502
M20,MN0501
M7,MN0501
BXM2,MN0501
M20,MN0401
M7,MN0401
M20,MN0201
M20,MN0102
M22,MN0102
M22,MN0101
M55,MN0191
SIM35,MN0101
M11,MN0203
M34A+,MN0502
M20,MN6491
M10,MN6491
M55,MN0502
M3,MN0502
M4,MN0502
SIM10,MN0502
M55,MN0501
M2,MN0501
M3,MN0501
M5,MN0501
M1,MN0501
BXM4,MN0501
BXM3,MN0501
M2,MN0202
M3,MN0202
M1,MN0202
M8,MN0202
M1,MN0201
SIM34,MN0102
SIM4C,MN0102
SIM1,MN0102
SIM33C,MN0102
SIM3C,MN0102
SIM4,MN0102
SIM2,MN0102
SIM1C,MN0102
SIM33,MN0201
SIM7,MN0201
SIM9,MN0201
SIM34,MN0202
SIM1,MN0202
M12,MN0203
M23+,MN0401
M57,MN0402
M31,MN0402
M12,MN0502
M10,MN0502
M34+,MN0401
QM11,MN0101
QM7,MN0101
QM8,MN0101
QM65,MN0101
QM25,MN0101
M15,MN0301
M86+,MN0702
M86+,MN6491
M86+,MN0802
M86+,MN0803
M31,MN0803
M79+,MN0702
M11,MN0702
M7,MN0702
BXM2,MN0702
M79+,MN6491
M79+,MN0802
M79+,MN0801
M79+,MN0803
M34A+,MN0401
SIM23,MN0401
SIM24,MN0401
M34+,MN0501
M34A+,MN0501
SIM23,MN0501
SIM24,MN0501
BM5,MN0501
BM5,MN0603
QM7,MN0603
QM11,MN0603
QM8,MN0603
QM65,MN0603
QM25,MN0603
SIM3,MN0603
SIM31,MN0603
SIM11,MN0603
SIM10,MN0603
SIM6,MN0603
QM5,MN0603
QM2,MN0603
QM10,MN0603
QM12,MN0603
QM4,MN0603
QM20,MN0603
QM6,MN0603
QM1,MN0603
QM24,MN0603
M34+,MN0502
M34A+,MN0402
M11,MN0402
M21,MN0202
M21,MN0203
M8,MN0203
M101,MN0303
M102,MN0303
M57,MN0502
M31,MN0502
M57,MN0701
M72,MN0701
SIM33C,MN0502
SIM3C,MN0502
SIM3,MN0502
SIM4C,MN0502
SIM1C,MN0502
SIM11,MN0502
SIM6,MN0502
M57,MN0604
M31,MN0604
SIM31,MN0604
SIM26,MN0604
SIM25,MN0604
SIM8,MN0604
SIM11,MN0604
SIM6,MN0604
SIM22,MN0604
BM2,MN0604
BM4,MN0604
BM3,MN0604
BM5,MN0604
BM1,MN0604
M72,MN0801
M116,MN0703
M7,MN0703
M116,MN1001
M3,MN1001
M7,MN1001
M102,MN1001
M116,MN1102
M102,MN1102
M15+,MN1102
M15,MN1102
M116,MN0901
M3,MN0901
M7,MN0901
M96,MN0702
M106,MN0702
M96,MN0802
M106,MN0802
M96,MN0803
M96,MN1101
M10,MN0702
M106,MN1101
M2,MN1101
M3,MN1101
M4,MN1101
M1,MN1101
M106,MN6491
M2,MN6491
M3,MN6491
M4,MN6491
M1,MN6491
BXM2,MN6491
BXM11,MN6491
M98,MN0801
M101,MN0801
M102,MN0801
M103,MN0801
M98,MN0803
M101,MN0803
M102,MN0803
M103,MN0803
M98,MN1101
M101,MN1101
M102,MN1101
M103,MN1101
BXM10,MN1101
BXM7,MN1101
BXM1,MN1101
M98,MN1102
M101,MN1102
M103,MN1102
M98,MN1201
M4,MN1202
M98,MN0802
M101,MN0802
M102,MN0802
M103,MN0802
BXM1,MN0802
M4,MN0902
M11,MN0703
M4,MN0703
M11,MN0701
BXM2,MN0701
M5,MN0902
M104,MN0902
M125,MN0902
M104,MN0703
M104,MN0702
M10,MN1001
M10,MN1002
M10,MN0703
M2,MN1002
M2,MN1291
M2,MN1201
M2,MN1001
BXM7,MN6491
BXM4,MN6491
BXM3,MN6491
BXM9,MN6491
BXM6,MN6491
BXM8,MN6491
BXM10,MN6491
M2,MN0303
M3,MN0303
M1,MN0303
M2,MN0602
M3,MN0602
M1,MN0602
M2,MN0802
M3,MN0802
M4,MN0802
M1,MN0802
M4,MN1001
BXM10,MN0502
BXM8,MN0502
BXM18,MN0502
BXM4,MN0802
BXM3,MN0802
M3,MN1002
M3,MN0903
M3,MN1202
M3,MN1291
M101,MN1291
M3,MN0703
M4,MN0501
BXM9,MN0502
BXM6,MN0502
M3,MN0902
Q32,MN0501
M4,MN0903
M5,MN0903
M4,MN1201
M5,MN0901
M5,MN0703
M5,MN0702
QM4,MN0502
M5,MN6491
M7,MN6491
M125,MN1001
M101,MN1001
M125,MN1102
M15+,MN0303
M15+,MN0602
M15+,MN0603
M15+,MN0661
M15+,MN0604
M15,MN0604
M15+,MN0801
M15+,MN0803
M15,MN0803
M15+,MN1101
M15,MN1101
M15+,MN0101
M15+,MN0301
M15,MN0801
M15+,MN0302
M15,MN0101
M7,MN1002
M1,MN1002
M102,MN1002
M1,MN1001
BXM2,MN1001
BXM4,MN1001
BXM3,MN1001
BXM2,MN1102
BXM4,MN1102
BXM3,MN1102
M35,MN1102
M35,MN1191
M101,MN1202
M101,MN0604
M102,MN0604
M103,MN0604
BXM1,MN0604
M101,MN0603
M102,MN0603
M103,MN0603
BXM1,MN0603
M101,MN0602
M102,MN0602
M103,MN0602
M103,MN0303
QM44,MN0603
QM32,MN0603
BXM1,MN0801
BXM1,MN0803
BXM10,MN0803
M103,MN0202
M103,MN0201
M103,MN0102
M103,MN0101
M103,MN0302
M15,MN0602
M15,MN0303
M15,MN0102
M15,MN0661
M31,MN0801
Q76,QN0701
Q20,QN0701
Q76,QN0702
QM2,QN0702
QM32,QN0702
Q61,QN0702
Q76,QN0703
Q76,QN0704
Q16,QN0704
Q76,QN1101
Q28,QN1101
Q76,QN0803
Q76,QN0891
Q76,QN0804
Q1,QN0804
QM68,QN0804
Q77,QN0804
Q36,QN0804
Q43,QN0804
Q82,QN0804
Q17,QN0804
Q3,QN0804
Q2,QN0804
Q76,QN1201
Q77,QN1201
Q3,QN1201
Q36,QN1201
Q2,QN1201
Q82,QN1201
Q17,QN1201
Q1,QN1201
Q76,QN1206
Q3,QN1206
Q2,QN1206
QM68,QN1206
Q90,QN0707
Q90,QN0302
Q23,QN0302
Q90,QN8191
Q50,QN0707
Q58,QN0707
Q98,QN0707
Q58,QN8191
Q98,QN8191
Q58,QN0402
Q23,QN0402
Q58,QN0706
Q98,QN0706
Q98,QN0602
Q88,QN0602
QM11,QN0602
Q98,QN0402
Q88,QN0402
Q13,QN0707
Q15,QN0707
Q27,QN0707
Q26,QN0707
Q65,QN0707
Q13,QN0705
Q65,QN0705
Q13,QN1101
Q12,QN1101
Q13,QN1102
Q12,QN1102
Q31,QN1102
Q13,QN0703
Q31,QN0703
Q13,QN0761
Q16,QN0761
QM2,QN0703
QM32,QN0703
Q27,QN1102
Q13,QN0704
Q12,QN0704
Q65,QN0704
Q15,QN0702
QM20,QN0702
Q61,QN0704
QM20,QN0704
Q44+,QN0704
Q20,QN0704
QM2,QN0704
Q61,QN0707
Q25,QN0707
Q20,QN0707
Q16,QN0707
Q28,QN0707
QM20,QN0707
QM2,QN0707
Q38,QN0601
QM40,QN0601
QM10,QN0601
QM11,QN0601
Q38,QN0602
QM10,QN0602
QM40,QN0602
Q60,QN0601
Q43,QN1201
Q44+,QN0805
Q20,QN0805
Q46,QN0805
Q44+,QN0801
Q20,QN0801
Q44+,QN0706
Q20,QN0706
Q44+,QN0707
Q44+,QN0702
Q50,BX0903
Q44+,BX1001
Q44+,BX2791
BXM6,BX0901
Q44+,QN0871
Q20,QN0871
QM68,QN0805
Q60,QN0805
Q40,QN1201
Q30,QN1201
Q75,QN1201
Q85,QN1201
Q89,QN1201
Q111,QN1201
Q113,QN1201
Q114,QN1201
Q26,QN0701
Q15,QN0704
Q31,QN0804
Q30,QN0804
Q75,QN0804
Q31,QN0803
Q30,QN0803
Q75,QN0803
Q31,QN1101
Q27,QN1101
Q28,QN0703
Q31,QN0802
Q30,QN0802
Q75,QN0802
Q31,QN0805
Q30,QN0805
Q17,QN0805
Q75,QN0805
Q43,QN0805
Q1,QN0805
Q16,QN1101
Q16,QN0703
QM20,QN0703
Q12,QN1103
Q12,QN1191
Q28,QN0704
Q12,QN0707
Q12,QN0705
Q87,QN1201
Q86,QN1201
Q5,QN1201
Q4,QN1201
Q85,QN1202
Q89,QN1202
Q87,QN1202
Q86,QN1202
Q5,QN1202
Q84,QN1202
Q4,QN1202
QM63,QN1202
Q85,QN1203
Q89,QN1203
Q87,QN1203
Q86,QN1203
Q84,QN1203
Q5,QN1203
QM63,QN1203
Q85,QN1204
Q89,QN1204
QM21,QN1204
Q77,QN1204
Q85,QN1306
Q89,QN1306
Q85,QN1307
Q86,QN1307
Q89,QN1307
Q85,QN1305
Q89,QN1305
Q77,QN1305
Q85,QN1205
Q89,QN1205
Q87,QN1205
Q86,QN1205
Q5,QN1205
Q84,QN1205
QM63,QN1205
Q4,QN1205
Q87,QN1307
Q5,QN1307
Q87,QN1204
Q86,QN1204
Q5,QN1204
QM63,QN1204
QM65,QN1205
Q87,QN1305
Q86,QN1305
Q5,QN1305
QM63,QN1305
QM65,QN1305
QM63,QN1307
Q86,QN1306
Q88,QN0803
Q74,QN0803
Q30,QN1104
Q75,QN1104
Q74,QN1104
QM5,QN1104
QM35,QN1104
QM8,QN1104
Q30,QN1103
QM5,QN1103
QM35,QN1103
QM8,QN1103
Q30,QN1191
QM5,QN1191
QM35,QN1191
QM8,QN1191
Q30,QN1102
QM5,QN1102
QM35,QN1102
QM8,QN1102
Q75,QN1102
Q74,QN1102
Q30,QN1101
Q75,QN1101
Q74,QN1101
Q17,QN1101
Q88,QN1101
Q09,QN1201
Q06,QN1201
Q77,QN1306
Q3,QN1306
Q111,QN1306
Q77,QN1371
Q77,QN1304
Q27,QN1304
Q77,QN1205
Q77,QN1303
Q77,QN1206
Q82,QN1206
Q36,QN1206
Q43,QN1206
Q1,QN1206
Q17,QN0707
Q17,QN0705
Q25,QN0705
Q17,QN0706
Q25,QN0706
Q17,QN0802
Q88,QN0802
Q17,QN0803
Q45,QN0803
QM5,QN0803
QM7,QN0803
QM35,QN0803
QM8,QN0803
QM1,QN0803
QM31,QN0803
Q88,QN0706
Q42,QN1202
Q83,QN1202
QM64,QN1202
Q42,QN1205
Q84,QN1305
Q84,QN1304
Q51,QN1205
QM64,QN1205
Q4,QN1304
QM64,QN1304
Q3,QN1205
Q83,QN1205
Q3,QN1204
QM65,QN1204
Q3,QN8381
Q10,QN8381
Q80,QN8381
Q115,QN1306
Q111,QN1307
Q51,QN1202
QM21,QN1203
Q51,QN1203
QM65,QN1203
QM63,QN0901
QM68,QN0901
QM64,QN0901
QM21,QN0901
QM18,QN0901
QM65,QN0901
QM63,QN0602
QM68,QN0602
QM64,QN0602
QM18,QN0602
Q60,QN0602
QM65,QN0602
QM63,QN0401
QM68,QN0401
QM64,QN0401
QM63,MN0502
QM68,MN0502
QM64,MN0502
QM21,MN0502
QM63,MN0604
QM68,MN0604
QM64,MN0604
Q60,QN0901
Q27,QN1303
Q36,QN1303
Q88,QN1303
Q1,QN1303
Q27,QN1104
Q88,QN1104
Q27,QN1191
Q88,QN1191
Q26,QN1101
Q27,QN0705
Q26,QN0705
Q2,QN1303
Q83,QN1304
Q83,QN1303
QM64,QN1201
Q25,QN1201
Q65,QN1201
Q36,QN1103
Q36,QN1301
Q36,QN1302
Q110,QN1302
Q110,QN1303
Q43,QN1303
QM68,QN1303
Q82,QN1303
Q48,QN1301
QM68,QN1201
Q43,QN1302
QM68,QN1302
Q43,QN1301
QM68,QN1301
Q27,QN1302
Q2,QN1205
Q1,QN1302
Q46,QN1301
QM6,QN1301
QM36,QN1301
Q46,QN1302
Q48,QN1302
QM6,QN1302
QM36,QN1302
Q46,QN1104
Q48,QN1104
QM6,QN1104
QM36,QN1104
Q46,QN0803
Q48,QN0803
QM6,QN0803
QM36,QN0803
Q46,QN0802
Q48,QN0802
Q45,QN0802
QM5,QN0802
QM7,QN0802
QM1,QN0802
QM31,QN0802
QM35,QN0802
QM8,QN0802
QM6,QN0802
Q46,QN0801
Q48,QN0801
Q45,QN0801
Q46,QN0602
Q48,QN0602
Q45,QN0602
Q46,QN0901
Q48,QN0901
Q45,QN0901
QM5,QN0801
QM7,QN0801
QM1,QN0801
QM31,QN0801
QM35,QN0801
QM8,QN0801
QM6,QN0801
Q46,QN0804
Q48,QN0804
Q45,QN0804
QM5,QN0804
QM7,QN0804
QM1,QN0804
QM31,QN0804
QM35,QN0804
QM8,QN0804
QM6,QN0804
Q46,QN0891
Q48,QN0891
QM6,QN0891
QM36,QN0891
QM5,QN1301
QM35,QN1301
QM8,QN1301
QM21,QN0805
QM65,QN0805
Q112,QN1202
Q45,QN0805
Q72,QN0401
Q88,QN0601
Q88,QN0891
QM5,QN0891
QM35,QN0891
QM8,QN0891
Q4,QN1206
Q83,QN1206
Q88,QN0801
SIM34,SI0107
S40,SI0107
S90,SI0107
SIM33C,SI0107
SIM33,SI0107
S48,SI0107
S98,SI0107
S46,SI0107
SIM30,SI0107
SIM3,SI0107
SIM3C,SI0107
S59,SI0107
S44,SI0107
S94,SI0107
SIM34,SI0105
SIM3,SI0105
SIM3C,SI0105
S57,SI0105
S66,SI0105
S93,SI0105
S62,SI0105
S61,SI0105
S91,SI0105
S92,SI0105
SIM34,SI0203
SIM3,SI0203
SIM34,BK1061
SIM35,BK1061
SIM33C,BK1061
SIM33,BK1061
SIM3,BK1061
SIM3C,BK1061
SIM31,BK1061
SIM4C,BK1061
SIM4,BK1061
SIM2,BK1061
SIM15,BK1061
SIM5,BK1061
S79+,BK1061
SIM34,BK1001
SIM35,BK1001
SIM33C,BK1001
SIM33,BK1001
SIM31,BK1001
SIM4C,BK1001
SIM4,BK1001
SIM2,BK1001
SIM15,BK1001
SIM5,BK1001
SIM34,BK1002
SIM35,BK1002
SIM33C,BK1002
SIM33,BK1002
SIM31,BK1002
SIM4C,BK1002
SIM4,BK1002
SIM2,BK1002
SIM15,BK1002
SIM11,BK1002
SIM1C,BK1002
SIM6,BK1002
SIM5,BK1002
SIM1,BK1002
SIM7,BK1002
SIM9,BK1002
SIM34,BK0703
SIM35,BK0703
SIM31,BK0703
SIM4C,BK0703
SIM4,BK0703
SIM2,BK0703
SIM15,BK0703
SIM5,BK0703
SIM15,BK0702
SIM34,BK0601
SIM35,BK0601
SIM31,BK0601
SIM4C,BK0601
SIM4,BK0601
SIM2,BK0601
SIM5,BK0601
SIM34,MN0191
SIM32,MN0191
SIM2,MN0191
SIM15,MN0191
SIM35,SI0106
SIM3,SI0106
SIM3C,SI0106
S57,SI0106
S59,SI0106
SIM35,SI0105
SIM30,SI0105
S48,SI0105
S98,SI0105
S54,SI0105
S53,SI0105
SIM35,SI0201
SIM33C,SI0201
SIM3C,SI0201
S93,SI0201
SIM15,SI0201
SIM11,SI0201
SIM1C,SI0201
SIM10,SI0201
SIM1,SI0201
SIM7,SI0201
S79+,SI0201
SIM35,MN0191
SIM35,SI0103
SIM33C,SI0103
SIM3C,SI0103
S93,SI0103
SIM15,SI0103
SIM11,SI0103
SIM1,SI0103
SIM1C,SI0103
SIM10,SI0103
SIM7,SI0103
S79+,SI0103
SIM35,SI0104
S53,SI0104
S93,SI0104
S66,SI0104
SIM30,SI0104
SIM30,SI0106
S48,SI0106
S98,SI0106
SIM32,SI0204
S62,SI0204
S92,SI0204
SIM33C,SI0204
SIM33,SI0204
SIM32,SI0203
SIM33C,SI0203
SIM33,SI0203
SIM31,SI0203
SIM32,BK1002
SIM3,BK1002
SIM3C,BK1002
SIM32,BK1001
SIM3C,BK1001
SIM3,BK1001
SIM11,BK1001
SIM1,BK1001
SIM1C,BK1001
SIM10,BK1001
SIM6,BK1001
SIM7,BK1001
SIM9,BK1001
SIM32,SI0105
SIM33C,SI0105
SIM33,SI0105
SIM31,SI0105
S62,SI0104
S61,SI0104
S91,SI0104
S92,SI0104
S48,SI0104
S98,SI0104
SIM30,MN6491
SIM33C,MN6491
SIM3C,MN6491
SIM3,MN6491
SIM4C,MN6491
SIM1C,MN6491
SIM10,MN6491
SIM30,SI0103
S78,SI0103
SIM30,SI0102
S52,SI0102
S78,SI0102
S74,SI0102
BXM4,MN0502
BXM3,MN0502
SIM30,MN0401
SIM26,MN0401
SIM25,MN0401
SIM22,MN0401
SIM24,SI0107
SIM30,SI0204
S52,SI0104
S40,SI0101
S90,SI0101
S44,SI0101
S40,SI0191
S40,SI0104
S90,SI0104
S54,SI0104
S40,SI0106
S90,SI0106
S96,SI0107
S40,SI0204
S90,SI0204
S94,SI0101
S52,SI0101
S42,SI0101
SIM4C,SI0204
SIM4,SI0204
SIM8,SI0204
S59,SI0204
S44,SI0204
S94,SI0204
S89,SI0204
SIM15,MN0102
SIM33,MN0101
SIM7,MN0101
SIM9,MN0101
SIM33,MN0102
SIM7,MN0102
SIM9,MN0102
SIM33,MN0501
SIM7,MN0501
SIM9,MN0501
SIM33,MN0203
SIM7,MN0203
SIM9,MN0203
S59,SI0105
SIM3,MN0191
SIM31,MN0191
SIM11,MN0191
SIM6,MN0191
SIM3,MN0601
SIM11,MN0601
SIM10,MN0601
SIM6,MN0601
SIM3,MN0101
SIM31,MN0101
SIM11,MN0101
SIM10,MN0101
SIM6,MN0101
SIM10,MN0191
S66,SI0101
S48,SI0101
S46,SI0101
S76,SI0101
S51,SI0101
S78,SI0101
S74,SI0101
S62,SI0101
S61,SI0101
S96,SI0101
S98,SI0101
S91,SI0101
S92,SI0101
S66,SI0106
S53,SI0106
S46,SI0106
S96,SI0106
S66,SI0102
S48,SI0102
S46,SI0102
S62,SI0102
S61,SI0102
S96,SI0102
S98,SI0102
S91,SI0102
S92,SI0102
S54,SI0106
S53,SI0203
S78,SI0203
S53,SI0201
S78,SI0201
S52,SI0201
S51,SI0201
SIM6,SI0201
SIM5,SI0201
SIM9,SI0201
S46,SI0104
S93,SI0204
S52,SI0202
S52,SI0103
S78,SI0104
S81,SI0201
S42,SI0104
S46,SI0204
S96,SI0204
S96,SI0104
S44,SI0106
S76,SI0301
S76,SI0202
S76,SI9592
S78,SI9592
S57,SI0202
S74,SI0202
SIM15,SI0202
S76,SI0201
S74,SI0201
S76,SI0103
S74,SI0103
S76,SI0102
S51,SI0103
S51,SI0102
S86,SI0101
S86,SI0102
S81,SI0102
S84,SI0102
S76,SI0104
S74,SI0104
S76,SI0203
S74,SI0203
S86,SI0203
S84,SI0203
SIM15,SI0203
S86,SI0202
SIM11,SI0301
S57,SI0301
S86,SI0301
S54,SI0203
S57,SI0203
S54,SI0302
SIM6,SI0302
SIM5,SI0302
S78,SI0302
SIM1,SI0302
SIM1C,SI0302
SIM10,SI0302
SIM7,SI0302
SIM9,SI0302
S79+,SI0302
S59,SI0302
S89,SI0302
S74,SI0302
SIM15,SI0302
S54,SI0301
S74,SI0301
SIM15,SI0301
S61,SI0203
S81,SI0101
S81,SI0103
S51,SI0202
SIM5,SI0202
SIM6,SI0202
SIM9,SI0202
S81,SI0202
S78,SI0202
S79+,SI0202
S51,SI9592
SIM6,SI9592
SIM5,SI9592
SIM9,SI9592
S51,SI9561
S81,SI9561
BXM7,MN0502
SIM23,SI0305
SIM24,SI0305
SIM2,SI0305
SIM23,SI0303
SIM24,SI0303
SIM2,SI0303
S74,SI0303
SIM22,SI0303
SIM4C,SI0303
S56,SI0303
SIM23,SI0304
S78,SI0304
S59,SI0304
SIM23,SI0302
SIM23,SI0391
SIM24,SI0391
SIM25,SI0391
SIM2,SI0391
SIM22,SI0391
SIM24,SI0304
SIM2,SI0304
S56,SI0304
S55,SI0304
S91,SI0203
SIM31,SI0204
S61,SI0204
S91,SI0204
S56,SI0204
S55,SI0204
SIM31,SI0291
SIM4C,SI0291
SIM4,SI0291
SIM8,SI0291
S56,SI0291
S55,SI0291
S79+,SI0291
SIM31,SI0302
SIM4,SI0302
SIM8,SI0302
S56,SI0302
S55,SI0302
SIM4C,SI0302
SIM22,SI0302
SIM4C,SI0203
SIM4,SI0203
SIM8,SI0203
S79+,SI0204
SIM26,SI0305
SIM25,SI0305
S78,SI0305
S59,SI0305
SIM26,SI0304
SIM26,SI0303
S55,SI0303
S84,SI0303
SIM26,SI0204
SIM25,SI0204
SIM2,SI0204
S55,SI0305
SIM25,SI0304
SIM25,SI0303
S74,SI0305
S84,SI0305
SIM4C,SI0304
SIM8,SI0304
BXM18,MN0101
S59,SI0291
S44,SI0291
S94,SI0291
SIM4,SI0303
SIM4C,SI0391
S74,SI0391
S56,SI0391
S84,SI0391
SIM8,SI0303
SIM4,SI0105
SIM2,SI0105
SIM4,SI0107
SIM8,SI0107
SIM2,SI0203
SIM2,SI0107
S78,SI9593
SIM1C,SI9593
SIM10,SI9593
SIM6,SI9593
SIM5,SI9593
SIM1,SI9593
SIM7,SI9593
SIM9,SI9593
S79+,SI9593
S78,SI0301
SIM1C,SI0301
SIM10,SI0301
SIM6,SI0301
SIM5,SI0301
SIM1,SI0301
SIM7,SI0301
SIM9,SI0301
S79+,SI0301
SIM11,SI0202
SIM1C,SI0202
SIM10,SI0202
SIM1,SI0202
SIM7,SI0202
S74,SI0304
S84,SI0101
S84,SI0104
S84,SI0302
S74,SI0291
S84,SI0291
S56,SI0203
S55,SI0203
SIM5,MN0191
SIM5,SI0103
SIM6,SI0103
S94,SI0106
S62,SI0291
S92,SI0291
S89,SI0107
S89,SI0106
S44,SI0105
S94,SI0105
S44,SI0104
S94,SI0104
S44,SI0191
S89,SI0291
S66,SI0203
S79+,SI9592
S74,SI9592
Q111,QN1204
Q115,QN1204
Q113,QN1204
Q114,QN1204
Q111,QN1203
Q115,QN1203
Q113,QN1203
Q114,QN1203
QM21,QN1202
QM65,QN1202
QM21,MN0501
BXM7,MN0501
BXM18,MN0501
QM21,MN0604
QM15,MN0604
QM18,MN0604
QM17,MN0604
QM16,MN0604
Q111,QN1202
Q115,QN1202
Q113,QN1202
Q114,QN1202
Q113,QN1306
Q114,QN1306
Q110,QN1206
Q110,QN1301
Q113,QN1307
Q114,QN1307
Q113,QN1401
Q114,QN1401
Q22,QN1401
QM17,QN1401
Q112,QN0903
Q112,QN1001
Q112,QN0904
Q112,QN1002
Q41,QN1002
Q112,BK0505
Q09,QN1001
Q51,QN1001
Q07,QN1001
Q51,QN1002
Q07,QN1002
Q25,QN0701
Q25,QN0801
Q25,QN0805
Q25,QN0802
QM5,MN0501
QM2,MN0501
QM10,MN0501
QM12,MN0501
QM4,MN0501
QM20,MN0501
QM6,MN0501
QM1,MN0501
QM24,MN0501
QM15,MN0501
QM18,MN0501
QM17,MN0501
QM16,MN0501
QM5,MN0502
QM1,MN0502
QM6,MN0502
QM5,MN0604
QM2,MN0604
QM10,MN0604
QM20,MN0604
QM6,MN0604
QM1,MN0604
QM24,MN0604
QM2,MN0502
QM20,MN0502
Q32,MN0604
QM32,QN0707
QM32,QN0704
Q50,QN0702
QM2,QN0701
QM32,QN0701
Q50,QN0701
QM20,QN0701
QM42,QN0401
QM12,QN0401
QM10,MN0502
QM12,MN0502
QM24,MN0502
QM42,MN0603
QM40,MN0603
QM34,MN0603
QM36,MN0603
QM31,MN0603
QM35,MN0603
QM42,MN0604
QM40,MN0604
QM34,MN0604
QM32,MN0604
QM12,MN0604
QM4,MN0604
QM4,QN0802
QM44,QN0802
Q65,QN0802
Q74,QN0802
Q64,QN0802
QM4,QN0801
QM44,QN0801
Q64,QN0801
Q74,QN0801
QM4,QN0602
QM44,QN0602
Q64,QN0602
Q74,QN0602
QM44,MN0604
QM36,MN0604
QM31,MN0604
QM35,MN0604
QM36,QN0804
QM20,QN1101
Q28,QN1102
Q66,QN0707
Q63,QN0707
Q19,QN0707
Q66,QN0302
Q63,QN0302
Q66,QN0301
Q63,QN0301
Q66,QN0104
Q63,QN0104
Q66,QN0103
Q66,QN0201
Q69,QN0201
Q63,QN0105
Q101,QN0105
Q63,QN0201
Q102,QN0201
Q63,QN0161
Q101,QN0161
Q66,QN0161
Q63,QN0203
Q66,QN0203
Q63,QN0303
Q66,QN0303
Q65,QN0791
Q65,QN0805
Q65,QN0706
BXM9,MN0802
BXM6,MN0802
BXM7,MN0802
BXM10,MN0802
BXM8,MN0802
BXM9,MN0803
BXM6,MN0803
BXM9,MN1102
BXM10,MN1102
BXM6,MN1102
BXM8,MN1102
BXM7,MN1102
BX23,BX1202
Q50,BX1202
BXM6,MN0501
BXM8,MN0501
BXM8,BX0901
BXM8,MN0803
BXM7,MN0803
BXM8,BX0902
Q22,QN1402
Q52+,QN1402
QM17,QN1402
QM15,QN1402
QM16,QN1402
Q22,QN1403
Q53+,QN1403
QM16,QN1403
Q35,QN1403
Q11,QN1403
Q11,QN1402
Q35,QN8492
Q35,BK5691
Q35,BK1401
Q35,BK1891
Q52+,QN0504
Q53+,QN0504
BM5,QN0504
Q11,QN0573
Q11,QN0503
QM15,QN0503
Q52+,QN0503
Q53+,QN0503
BM5,QN0503
Q11,QN8291
QM15,QN8291
BM5,QN8291
Q11,QN0905
QM15,QN0905
Q11,QN0904
QM15,QN0904
Q11,QN1002
QM15,QN1002
BM5,QN1002
Q11,QN1003
Q41,QN1003
QM15,QN1003
Q52+,QN0904
Q53+,QN0904
BM5,QN0905
Q52+,QN8291
Q53+,QN8291
QM15,QN0601
BM5,QN0601
Q37,QN1002
Q41,QN1001
Q41,QN1202
Q60,QN1202
Q06,QN1202
Q40,QN1202
QM17,QN1003
QM16,QN1003
Q52+,QN1003
Q53+,QN1003
QM15,MN0603
QM18,MN0603
QM17,MN0603
QM16,MN0603
QM15,MN0502
QM18,MN0502
QM17,MN0502
QM16,MN0502
QM18,QN1001
Q10,QN1001
Q37,QN1001
Q80,QN1001
QM18,QN0903
Q10,QN0903
Q80,QN0903
QM18,QN0902
Q10,QN0902
Q80,QN0902
Q10,QN0901
Q80,QN0901
QM18,QN0601
QM15,QN1403
QM17,QN1403
Q52+,QN1403
QM16,QN8492
Q40,QN1203
Q07,QN1203
Q60,QN0203
Q60,QN0202
Q32,QN0202
Q60,QN0105
Q32,QN0105
Q60,MN0801
Q60,QN0201
Q32,QN0201
Q60,QN0271
Q08,QN0903
Q08,QN0904
Q08,BK0503
Q08,BK0502
Q07,BK0501
Q07,QN0904
Q07,QN8381
Q07,QN1204
Q07,BK0571
Q06,QN8381
Q06,QN1306
Q06,QN1204
Q06,QN1203
Q37,QN0901
Q37,QN0903
Q37,QN8291
Q52+,QN8491
Q53+,QN8491
Q52+,QN1002
Q53+,QN1002
Q52+,QN0905
Q53+,QN0905
Q52+,QN0601
Q53+,QN0601
Q104,QN0105
Q33,QN8081
Q33,QN0301
Q32,QN0301
Q33,QN0401
Q32,QN0401
Q33,QN0302
Q69,QN0301
Q49,QN0301
Q47,QN0203
Q47,QN0501
Q47,QN0503
Q101,QN0101
Q101,QN0104
Q101,QN0103
Q102,QN0161
Q53+,QN1402
Q53+,QN0203
Q70+,QN0203
Q49,QN0401
Q19,QN0302
QM25,QN0574
QM24,QN0574
QM34,QN0574
Q100,QN0101
Q69,QN0103
Q100,QN0103
Q100,QN0201
Q100,QN0151
Q104,QN0103
Q104,QN0104
Q104,QN0161
Q104,QN0202
Q104,QN0102
Q19,QN0103
Q19,QN0171
Q102,MN0801
Q102,QN0105
Q18,QN0103
Q18,QN0104
Q18,QN0203
Q72,QN0301
Q72,QN0402
Q72,QN0303
Q32,QN0203
Q32,MN0801
Q32,MN0802
Q23,QN0303
Q70+,QN0401
B100,BK1801
B103,BK1702
BM2,BK1702
B103,BK1402
BM2,BK1402
BM2,MN0191
BM4,MN0191
BM3,MN0191
BM1,MN0191
BM2,MN0102
BM4,MN0102
BM3,MN0102
BM1,MN0102
BXM2,MN0802
BXM11,MN0802
BXM2,MN1101
BXM11,MN1101
BXM4,MN1101
BXM3,MN1101
BXM11,BX1101
Q11,QN8491
Q08,QN1002
