nta2020,ntaname,boroname,Total Votes,Zohran Kwame Mamdani,Zohran Kwame Mamdani (%),Andrew M. Cuomo (%),Curtis A. Sliwa (%),winning_candidate,winning_percentage,income_score,car_score,bus_subway_score,reliability_score,ridership_score,index_score,index_no_car
MN1101,East Harlem (South),Manhattan,13500,8180,60.59,34.3,4.07,Zohran Kwame Mamdani,60.59,0.938590493122272,0.944516129032258,0.9423,0.734103473239313,0.9378103180832218,0.909688,0.900982
MN0902,Manhattanville-West Harlem,Manhattan,5693,3986,70.02,26.23,2.86,Zohran Kwame Mamdani,70.02,0.87918105462295,0.9483870967741936,0.9744,0.8115773861160354,0.7899276673469675,0.884075,0.867997
BX0601,West Farms,Bronx,2583,1290,49.94,43.98,4.84,Zohran Kwame Mamdani,49.94,1.0,0.752258064516129,0.9394,0.7445197077438139,0.7845557772367387,0.856921,0.883086
MN0903,Hamilton Heights-Sugar Hill,Manhattan,12219,8779,71.85,24.56,2.56,Zohran Kwame Mamdani,71.85,0.8044149657538149,0.9483870967741936,0.9538,0.7711373192228158,0.7789371480363187,0.852999,0.829152
BK1101,Bensonhurst,Brooklyn,13692,4534,33.11,50.52,15.77,Andrew M. Cuomo,50.52,0.7768157315919633,0.7483870967741936,0.9306,0.756043311375024,1.0,0.843408,0.867163
BK1303,Brighton Beach,Brooklyn,5746,1447,25.18,65.56,8.53,Andrew M. Cuomo,65.56,0.8729956579712127,0.7638709677419355,0.9744,0.850785074476376,0.7484089936456482,0.843203,0.863036
BK1401,Flatbush,Brooklyn,16299,12355,75.8,21.39,1.9,Zohran Kwame Mamdani,75.8,0.7270818375556999,0.8270967741935484,0.9718,0.807594398550763,0.8886584291273641,0.840421,0.843752
BK1701,East Flatbush-Erasmus,Brooklyn,10852,8130,74.92,22.49,1.82,Zohran Kwame Mamdani,74.92,0.7301503185294085,0.8348387096774194,0.9444,0.8365946048437559,0.8818383727904918,0.840242,0.841593
MN0901,Morningside Heights,Manhattan,9104,6636,72.89,24.11,1.87,Zohran Kwame Mamdani,72.89,0.7351561876759319,0.9367741935483872,0.9655,0.8152992249100051,0.7541631803464176,0.837371,0.812521
QN0705,East Flushing,Queens,4527,1658,36.62,49.06,13.17,Andrew M. Cuomo,49.06,0.783314529271656,0.5741935483870968,1.0,0.823428388812221,0.985922881890894,0.831366,0.895659
BX0603,Belmont,Bronx,3449,1925,55.81,36.68,6.12,Zohran Kwame Mamdani,55.81,0.9845350838205296,0.8296774193548387,1.0,0.7679063574029865,0.5191048142531185,0.831076,0.831426
MN0301,Chinatown-Two Bridges,Manhattan,7540,3969,52.64,39.38,7.08,Zohran Kwame Mamdani,52.64,0.9593490375739342,0.9393548387096774,0.9767,0.7645248377598085,0.4265714396288984,0.823041,0.793963
MN1202,Washington Heights (North),Manhattan,19771,12543,63.44,31.93,3.61,Zohran Kwame Mamdani,63.44,0.7672541511390703,0.9225806451612903,0.9296,0.7870255850737689,0.6997421101938243,0.820252,0.79467
MN1001,Harlem (South),Manhattan,14807,10707,72.31,24.43,2.08,Zohran Kwame Mamdani,72.31,0.7178649982335579,0.927741935483871,0.9241,0.7734764551712219,0.7673066963905614,0.819317,0.792211
BK1204,Mapleton-Midwood (West),Brooklyn,11205,1214,10.83,84.11,4.47,Andrew M. Cuomo,84.11,0.7560229979372515,0.6593548387096774,0.9344,0.7536949036481333,0.9907382285304024,0.818959,0.85886
MN1002,Harlem (North),Manhattan,17583,11877,67.55,28.86,2.22,Zohran Kwame Mamdani,67.55,0.8425359271542047,0.8980645161290323,0.9537,0.7106701177139481,0.6386618497703305,0.81532,0.794634
MN1201,Washington Heights (South),Manhattan,15315,9975,65.13,30.56,3.38,Zohran Kwame Mamdani,65.13,0.7847561740002507,0.9187096774193548,0.9406,0.7988078183543095,0.6353121082319222,0.814935,0.788991
BK1602,Brownsville,Brooklyn,7097,4023,56.69,39.03,2.93,Zohran Kwame Mamdani,56.69,0.911250527083547,0.8387096774193549,0.9192,0.8124524418318821,0.5649307549055148,0.814249,0.808133
BX0903,Castle Hill-Unionport,Bronx,5961,3444,57.78,36.1,5.35,Zohran Kwame Mamdani,57.78,0.8320911256225284,0.5896774193548386,1.0,0.7816279989451524,0.8520588226517076,0.813614,0.869598
BK1201,Sunset Park (East)-Borough Park (West),Brooklyn,3769,1566,41.55,50.6,6.61,Andrew M. Cuomo,50.6,0.7936596122944374,0.8709677419354839,0.9565,0.7481361688374724,0.6781458944110309,0.811758,0.796956
BX0701,University Heights (North)-Fordham,Bronx,5191,2694,51.9,42.02,5.14,Zohran Kwame Mamdani,51.9,0.9217864998233558,0.8270967741935484,0.9636,0.7762611376272037,0.5303531895329961,0.811096,0.807096
BX0503,Fordham Heights,Bronx,2799,1473,52.63,40.84,5.11,Zohran Kwame Mamdani,52.63,0.9527448231848382,0.8761290322580645,0.8696,0.7769969226732387,0.5347860352338976,0.810839,0.794516
BK1202,Borough Park,Brooklyn,22027,1598,7.25,87.57,2.8,Andrew M. Cuomo,87.57,0.8282277456779149,0.7393548387096773,0.9213,0.7400158041571858,0.7921709725927775,0.808624,0.825942
BX0602,Tremont,Bronx,3304,1797,54.39,39.62,4.81,Zohran Kwame Mamdani,54.39,0.9587792175231062,0.7212903225806451,1.0,0.6725628417920619,0.6091213308421433,0.806662,0.828004
BX0402,Highbridge,Bronx,3544,1926,54.35,40.01,4.15,Zohran Kwame Mamdani,54.35,0.9000307702827447,0.8567741935483871,1.0,0.9233719006545908,0.3320679464815475,0.801282,0.787409
BX0101,Mott Haven-Port Morris,Bronx,7641,4461,58.38,35.86,4.54,Zohran Kwame Mamdani,58.38,0.9895039146637492,0.864516129032258,0.9231,0.7647699689558782,0.405108694478283,0.800636,0.784667
BX0301,Morrisania,Bronx,4376,2419,55.28,39.17,4.34,Zohran Kwame Mamdani,55.28,0.9883300853590437,0.7754838709677419,1.0,0.7761258649089964,0.4046485387773864,0.799528,0.805539
BK1702,East Flatbush-Farragut,Brooklyn,7536,5071,67.29,29.56,2.08,Zohran Kwame Mamdani,67.29,0.7047876280670564,0.6670967741935484,1.0,0.7426330276002296,0.8917746210268539,0.799366,0.832433
BK0503,East New York-New Lots,Brooklyn,8293,4833,58.28,37.19,2.92,Zohran Kwame Mamdani,58.28,0.8318717449029597,0.7458064516129033,0.9717,0.8590869092436713,0.5841310639769973,0.797158,0.809996
QN0707,Flushing-Willets Point,Queens,7625,3218,42.2,46.56,9.89,Andrew M. Cuomo,46.56,0.8537613821555152,0.8335483870967741,0.9859,0.5899310600515437,0.652991804331594,0.796418,0.787135
BK1704,East Flatbush-Remsen Village,Brooklyn,5828,3516,60.33,37.05,1.75,Zohran Kwame Mamdani,60.33,0.7956938698758932,0.7367741935483871,1.0,0.8102994119627958,0.631031068712864,0.794029,0.808343
BX0302,Claremont Village-Claremont (East),Bronx,2619,1526,58.27,38.14,2.33,Zohran Kwame Mamdani,58.27,0.9460237956853226,0.7703225806451612,1.0,0.7975099700801369,0.4079164447419663,0.79178,0.797145
BK1403,Midwood,Brooklyn,14110,2698,19.12,76.19,3.98,Andrew M. Cuomo,76.19,0.7398059192906881,0.6632258064516129,0.9697,0.8085984280945151,0.7905541879116071,0.790937,0.822865
BX0801,Kingsbridge Heights-Van Cortlandt Village,Bronx,4997,2627,52.57,39.52,6.7,Zohran Kwame Mamdani,52.57,0.8297149760105759,0.784516129032258,1.0,0.7733011960414027,0.5517078987938107,0.790669,0.792207
QN0706,Queensboro Hill,Queens,2841,1071,37.7,50.58,10.88,Andrew M. Cuomo,50.58,0.7676387796733791,0.5703225806451613,1.0,0.6672160275773484,0.9230517969193744,0.790667,0.845753
BK0103,South Williamsburg,Brooklyn,6368,994,15.61,76.92,3.5,Andrew M. Cuomo,76.92,0.9154671954596738,0.8374193548387097,0.92,0.778027499383459,0.4611035028825506,0.789275,0.77724
BK1301,Gravesend (South),Brooklyn,5553,1367,24.62,61.5,13.07,Andrew M. Cuomo,61.5,0.8304557420766522,0.6451612903225806,0.9592,0.8249705717692848,0.6787778562581035,0.787987,0.823694
BK1501,Gravesend (East)-Homecrest,Brooklyn,12664,1459,11.52,82.17,5.93,Andrew M. Cuomo,82.17,0.7665646688775685,0.6774193548387097,0.9661,0.8466109963377972,0.7016353064711327,0.787664,0.815225
BX0201,Hunts Point,Bronx,1779,906,50.93,42.61,5.34,Zohran Kwame Mamdani,50.93,0.9593404902731716,0.8193548387096774,0.9762,0.6963345213145807,0.4189945285269403,0.787195,0.779155
BX0303,Crotona Park East,Bronx,3768,1968,52.23,41.19,5.33,Zohran Kwame Mamdani,52.23,0.959058429348012,0.7741935483870968,0.925,0.8358642044195012,0.3988505874049091,0.784753,0.787393
BX0401,Concourse-Concourse Village,Bronx,10461,6077,58.09,36.74,3.94,Zohran Kwame Mamdani,58.09,0.8983811412355978,0.8348387096774194,0.9231,0.8014830310612123,0.4415138481837748,0.784708,0.772176
BX0702,Bedford Park,Bronx,7939,4262,53.68,39.39,5.61,Zohran Kwame Mamdani,53.68,0.923074293138227,0.8516129032258064,0.9565,0.7715977791885166,0.3770256961842799,0.783536,0.766517
BK0902,Prospect Lefferts Gardens-Wingate,Brooklyn,13029,9228,70.83,27.02,1.38,Zohran Kwame Mamdani,70.83,0.6988985378417496,0.8425806451612903,0.9481,0.835070078381019,0.6209430464021553,0.78231,0.767242
BX0102,Melrose,Bronx,5438,2974,54.69,39.72,4.56,Zohran Kwame Mamdani,54.69,0.9952448516758408,0.8503225806451613,0.9423,0.6772857501643175,0.3598788061259233,0.780904,0.76355
BX0901,Soundview-Bruckner-Bronx River,Bronx,8393,4763,56.75,37.07,4.98,Zohran Kwame Mamdani,56.75,0.9402087820666234,0.7470967741935484,0.9455,0.7174705733135687,0.4902400731894842,0.77924,0.787276
BX0904,Parkchester,Bronx,7960,4862,61.08,33.07,4.59,Zohran Kwame Mamdani,61.08,0.8329344592977538,0.7793548387096774,0.9722,0.740541233346572,0.5480194882806237,0.77923,0.779198
BK1703,East Flatbush-Rugby,Brooklyn,7405,4539,61.3,36.16,1.57,Zohran Kwame Mamdani,61.3,0.7344496108129053,0.6787096774193548,1.0,0.8341410441094377,0.6692465583230375,0.778325,0.803229
BK1103,Gravesend (West),Brooklyn,9295,2586,27.82,57.35,14.34,Andrew M. Cuomo,57.35,0.7393472141497714,0.7406451612903225,0.9318,0.8148249006063885,0.6730577441481209,0.776161,0.78504
BK1302,Coney Island-Sea Gate,Brooklyn,11206,2636,23.52,66.47,9.25,Andrew M. Cuomo,66.47,0.8807167196599314,0.6903225806451613,0.9604,0.8420340117967903,0.4959892803171553,0.775827,0.797203
BX0403,Mount Eden-Claremont (West),Bronx,5607,3072,54.79,39.86,4.28,Zohran Kwame Mamdani,54.79,0.9155897067706018,0.8206451612903226,0.9318,0.8323906937367852,0.350868193565983,0.774419,0.762862
BX0502,Mount Hope,Bronx,4787,2557,53.42,41.05,4.22,Zohran Kwame Mamdani,53.42,0.928601547631258,0.824516129032258,0.913,0.6966846307251955,0.4508215156042845,0.774321,0.761772
BK0302,Bedford-Stuyvesant (East),Brooklyn,23102,18161,78.61,18.83,1.45,Zohran Kwame Mamdani,78.61,0.7576213431798238,0.7987096774193548,0.9827,0.8102106279666634,0.5343259450249823,0.774084,0.767928
BX0501,University Heights (South)-Morris Heights,Bronx,6685,3453,51.65,42.83,4.31,Zohran Kwame Mamdani,51.65,0.9557933604567678,0.7948387096774193,1.0,0.6798964964729395,0.3435079468985719,0.768602,0.762043
BK1203,Kensington,Brooklyn,11838,7957,67.22,28.4,3.6,Zohran Kwame Mamdani,67.22,0.6684188633229626,0.7974193548387096,0.9535,0.810057603526702,0.6432099957178484,0.767439,0.759944
QN0402,Corona,Queens,7625,3890,51.02,40.25,7.59,Zohran Kwame Mamdani,51.02,0.7625502866194855,0.807741935483871,0.9286,0.5476120819537296,0.7355349590407608,0.767155,0.757008
BK1402,Flatbush (West)-Ditmas Park-Parkville,Brooklyn,13028,8691,66.71,29.5,2.9,Zohran Kwame Mamdani,66.71,0.645287018359602,0.7496774193548387,0.913,0.7982642067113936,0.7642363744128311,0.766444,0.770636
BK1801,Flatlands,Brooklyn,16004,8402,52.5,42.08,4.62,Zohran Kwame Mamdani,52.5,0.6580538365984022,0.5780645161290322,1.0,0.7896384081736327,0.8301837971513352,0.764609,0.811245
BK0703,Sunset Park (Central),Brooklyn,4938,2798,56.66,33.48,8.67,Zohran Kwame Mamdani,56.66,0.820911256225284,0.863225806451613,0.9796,0.8470149522628032,0.2957203333379484,0.759989,0.73418
BK0901,Crown Heights (South),Brooklyn,13778,7448,54.06,43.34,1.93,Zohran Kwame Mamdani,54.06,0.6809919427444813,0.8451612903225807,0.9259,0.8526821264770991,0.5191424569844033,0.756191,0.733948
BK0401,Bushwick (West),Brooklyn,14408,12349,85.71,11.58,2.3,Zohran Kwame Mamdani,85.71,0.6410133679783925,0.9032258064516128,0.9324,0.7760789710521506,0.5609022890626026,0.755971,0.719157
BX0202,Longwood,Bronx,4695,2404,51.2,42.3,5.58,Zohran Kwame Mamdani,51.2,0.9421119810363888,0.7754838709677419,0.9286,0.7434828425032483,0.3365093371154682,0.755169,0.75009
BK1503,Sheepshead Bay-Manhattan Beach-Gerritsen Beach,Brooklyn,16535,3317,20.06,63.42,15.77,Andrew M. Cuomo,63.42,0.741538172245205,0.5780645161290322,0.9826,0.8260697510648042,0.6674625138483606,0.75492,0.799134
BX1101,Pelham Parkway-Van Nest,Bronx,4954,2780,56.12,33.89,8.96,Zohran Kwame Mamdani,56.12,0.814751501475834,0.6619354838709677,0.9459,0.7599592752508867,0.5771266795694638,0.754674,0.777859
BK0301,Bedford-Stuyvesant (West),Brooklyn,22409,16973,75.74,21.56,1.48,Zohran Kwame Mamdani,75.74,0.636722622995658,0.8696774193548387,0.9453,0.8042195496335587,0.5529919679893022,0.753407,0.72434
BX0802,Kingsbridge-Marble Hill,Bronx,3891,2147,55.18,37.32,6.45,Zohran Kwame Mamdani,55.18,0.8145406680570276,0.7316129032258065,0.9091,0.7224493777684318,0.5662808905035811,0.753401,0.758848
BK0802,Crown Heights (North),Brooklyn,23849,18956,79.48,18.48,1.2,Zohran Kwame Mamdani,79.48,0.6836302095798147,0.863225806451613,0.9769,0.8159111395116683,0.4594191474861598,0.753203,0.725698
BK0104,East Williamsburg,Brooklyn,17523,13187,75.26,20.41,3.59,Zohran Kwame Mamdani,75.26,0.6626266425062965,0.910967741935484,0.9537,0.8197770637004118,0.4487962726898049,0.751316,0.711403
BK1102,Bath Beach,Brooklyn,5810,1936,33.32,49.52,16.57,Andrew M. Cuomo,49.52,0.6428766795445998,0.6335483870967742,0.9787,0.7919898599618465,0.7444594131616254,0.750859,0.780187
BK1601,Ocean Hill,Brooklyn,6865,4827,70.31,26.7,1.75,Zohran Kwame Mamdani,70.31,0.784314563460859,0.8051612903225807,0.9385,0.8911892033692412,0.3617701430912218,0.750843,0.737264
BK1502,Madison,Brooklyn,10688,1842,17.23,71.61,10.69,Andrew M. Cuomo,71.61,0.7363385642814,0.6645161290322581,0.9753,0.8552481902430363,0.5432826867272248,0.748992,0.770111
BX0703,Norwood,Bronx,5136,3150,61.33,31.43,6.44,Zohran Kwame Mamdani,61.33,0.8840245250549876,0.7612903225806451,0.9231,0.7643285172359942,0.3606561000716817,0.744665,0.740508
BK0402,Bushwick (East),Brooklyn,14354,11313,78.81,17.82,2.7,Zohran Kwame Mamdani,78.81,0.7442961012912122,0.8064516129032259,0.9158,0.8099171488914725,0.4439791344164102,0.740808,0.724397
QN1201,Jamaica,Queens,10328,7103,68.77,26.8,3.71,Zohran Kwame Mamdani,68.77,0.8235723158626506,0.6929032258064516,0.955,0.8661764868625487,0.3761524821658494,0.740631,0.752563
MN0703,Upper West Side-Manhattan Valley,Manhattan,19012,12129,63.8,32.44,2.57,Zohran Kwame Mamdani,63.8,0.4127918903210366,0.9638709677419356,0.963,0.7809542686800559,0.671057373957008,0.739927,0.683941
BK0505,East New York-City Line,Brooklyn,6445,4185,64.93,30.61,3.32,Zohran Kwame Mamdani,64.93,0.8716651281525294,0.7187096774193549,0.9722,0.8558840920109524,0.2762259875867002,0.739726,0.74498
BX1004,Co-op City,Bronx,11575,5477,47.32,46.44,4.8,Zohran Kwame Mamdani,47.32,0.783559551893512,0.6619354838709677,1.0,0.8651685738754693,0.3831658181823187,0.734685,0.752873
QN0901,Kew Gardens,Queens,6720,3164,47.08,44.45,7.69,Zohran Kwame Mamdani,47.08,0.679396446602163,0.6580645161290323,1.0,0.7345837122995524,0.5689241801571863,0.725434,0.742277
QN0502,Ridgewood,Queens,16368,11403,69.67,21.16,8.68,Zohran Kwame Mamdani,69.67,0.650731648945263,0.7716129032258064,0.9655,0.7126733589798487,0.5334235709221841,0.723691,0.711711
QN0401,Elmhurst,Queens,16010,8437,52.7,37.68,8.9,Zohran Kwame Mamdani,52.7,0.7470511812369653,0.8090322580645162,0.8235,0.5372323707734137,0.647798173604635,0.723414,0.702009
BX0902,Soundview-Clason Point,Bronx,6169,3071,49.78,42.73,6.19,Zohran Kwame Mamdani,49.78,0.8636392127366178,0.5174193548387097,1.0,0.6923882381015112,0.493432549309976,0.721938,0.773068
BK0502,East New York (North),Brooklyn,5401,3195,59.16,36.12,3.37,Zohran Kwame Mamdani,59.16,0.7573763205579678,0.7303225806451612,0.9194,0.9399740668716994,0.2968715994105609,0.719659,0.716993
MN0702,Upper West Side (Central),Manhattan,40426,20431,50.54,45.79,2.6,Zohran Kwame Mamdani,50.54,0.2884770989321572,0.9509677419354838,0.9592,0.8363849822748373,0.6928002881115062,0.718171,0.659971
BX1001,Westchester Square,Bronx,2814,1900,67.52,25.98,5.79,Zohran Kwame Mamdani,67.52,0.861869921478797,0.6606451612903226,0.9167,0.7331801855101452,0.3796219717428507,0.716838,0.730886
QN0801,Kew Gardens Hills,Queens,8301,1748,21.06,72.12,6.14,Andrew M. Cuomo,72.12,0.6529112106396799,0.5135483870967741,1.0,0.8079582378523653,0.6382068607764193,0.714773,0.765079
BX1104,Allerton,Bronx,4261,2240,52.57,38.21,7.91,Zohran Kwame Mamdani,52.57,0.883357835595519,0.7070967741935483,0.9688,0.7421667632507127,0.2095462529994849,0.709253,0.709792
QN0805,Jamaica Hills-Briarwood,Queens,8363,5150,61.58,31.88,5.86,Zohran Kwame Mamdani,61.58,0.6701568144779879,0.576774193548387,0.95,0.7892236725683501,0.5867897756620607,0.708636,0.741601
QN0704,Murray Hill-Broadway Flushing,Queens,10123,3208,31.69,52.54,15.0,Andrew M. Cuomo,52.54,0.7866992603735741,0.5793548387096774,1.0,0.7472556552836829,0.4146959811895205,0.707573,0.739628
BK0501,Cypress Hills,Brooklyn,4534,2562,56.51,36.13,6.35,Zohran Kwame Mamdani,56.51,0.7353071899894014,0.6941935483870967,0.9388,0.916518993266532,0.2866902317416902,0.705241,0.708003
BK0203,Fort Greene,Brooklyn,11080,8731,78.8,18.29,1.7,Zohran Kwame Mamdani,78.8,0.426949069483857,0.8993548387096775,0.9375,0.8390990378821913,0.5261619928098571,0.705205,0.656668
QN1104,Oakland Gardens-Hollis Hills,Queens,5754,1588,27.6,58.92,12.72,Andrew M. Cuomo,58.92,0.6017527664763468,0.3780645161290322,1.0,0.8297765619391476,0.7726962972826116,0.705057,0.786805
BK0702,Sunset Park (West),Brooklyn,10892,7697,70.67,23.07,5.57,Zohran Kwame Mamdani,70.67,0.7126511447684821,0.8451612903225807,0.9457,0.7987594462494995,0.2299725647560279,0.702143,0.666389
MN0402,Hell's Kitchen,Manhattan,18191,11502,63.23,31.48,4.43,Zohran Kwame Mamdani,63.23,0.5427535984136209,0.9548387096774194,0.9828,0.7626982949653776,0.3135351454522562,0.700328,0.6367
QN0802,Pomonok-Electchester-Hillcrest,Queens,7516,2646,35.2,55.3,8.48,Andrew M. Cuomo,55.3,0.6123514194217465,0.5664516129032258,1.0,0.8114929581473252,0.5548534114897901,0.699073,0.732228
QN0601,Rego Park,Queens,7633,2724,35.69,54.59,9.01,Andrew M. Cuomo,54.59,0.6551192633366383,0.7212903225806451,0.9524,0.621452659327949,0.5157705300107632,0.69489,0.68829
MN0602,Gramercy,Manhattan,10285,5015,48.76,47.25,2.98,Zohran Kwame Mamdani,48.76,0.3337151127673881,0.9793548387096774,0.9024,0.7027815322390873,0.6118275404127579,0.687562,0.614614
BK1802,Marine Park-Mill Basin-Bergen Beach,Brooklyn,12162,2309,18.99,64.68,15.84,Andrew M. Cuomo,64.68,0.5247928704115241,0.4554838709677419,1.0,0.8280768962807887,0.6776472215386292,0.682036,0.738674
QN0105,Queensbridge-Ravenswood-Dutch Kills,Queens,7424,4805,64.72,28.83,5.31,Zohran Kwame Mamdani,64.72,0.70335168153897,0.8658064516129033,0.75,0.6458076379568138,0.4249534029072773,0.680861,0.634625
QN0902,Richmond Hill,Queens,5761,2923,50.74,39.23,9.27,Zohran Kwame Mamdani,50.74,0.6854479355419558,0.5625806451612904,0.9,0.8250270843794468,0.4635182129373775,0.680336,0.709775
BK0701,Windsor Terrace-South Slope,Brooklyn,10935,8102,74.09,21.3,3.69,Zohran Kwame Mamdani,74.09,0.3875745039716457,0.8825806451612903,0.9189,0.8458048153409764,0.4786238339585098,0.679785,0.629086
MN0401,Chelsea-Hudson Yards,Manhattan,22601,12337,54.59,40.48,3.9,Zohran Kwame Mamdani,54.59,0.4341003111217477,0.9612903225806452,0.9367,0.7567893895636025,0.3734969347694521,0.676341,0.605104
BX1102,Morris Park,Bronx,4795,2012,41.96,42.31,14.95,Andrew M. Cuomo,42.31,0.6943741666381756,0.567741935483871,0.9592,0.7062670443060151,0.456059549977127,0.676134,0.703232
BK0204,Clinton Hill,Brooklyn,11884,9733,81.9,15.96,1.36,Zohran Kwame Mamdani,81.9,0.3727477862491025,0.9161290322580644,0.9608,0.8006532477270772,0.4357443535091482,0.67582,0.615742
QN0803,Fresh Meadows-Utopia,Queens,4847,1593,32.87,59.11,7.37,Andrew M. Cuomo,59.11,0.6297936111775901,0.4451612903225806,1.0,0.8235203264415039,0.5289957928969953,0.675808,0.73347
QN1001,South Ozone Park,Queens,11655,6417,55.06,36.22,8.05,Zohran Kwame Mamdani,55.06,0.5948351510592955,0.44,1.0,0.7168730048008045,0.6538468477824326,0.675009,0.733761
BK1002,Dyker Heights,Brooklyn,7853,2220,28.27,52.8,18.46,Andrew M. Cuomo,52.8,0.7432618778989595,0.6761290322580644,1.0,0.8670791050986737,0.1190645818985427,0.674916,0.674613
QN1101,Auburndale,Queens,7775,2320,29.84,53.9,15.4,Andrew M. Cuomo,53.9,0.6182205659452744,0.3961290322580645,1.0,0.7663168641545629,0.6290835426249054,0.674545,0.744149
QN0501,Maspeth,Queens,8213,2477,30.16,45.73,23.51,Andrew M. Cuomo,45.73,0.6753165350382349,0.4993548387096773,1.0,0.6413866729879454,0.5476905462833298,0.674446,0.718219
BX0803,Riverdale-Spuyten Duyvil,Bronx,17149,7580,44.2,48.62,6.06,Andrew M. Cuomo,48.62,0.5937297001606893,0.5729032258064516,1.0,0.6496472881296194,0.5648260928541953,0.673425,0.698556
BX1201,Williamsbridge-Olinville,Bronx,8001,4442,55.52,39.76,3.64,Zohran Kwame Mamdani,55.52,0.8190821338621264,0.6077419354838709,0.92,0.6982282993488962,0.2863431386611101,0.672322,0.688467
QN1102,Bayside,Queens,9261,2796,30.19,54.64,14.39,Andrew M. Cuomo,54.64,0.5591587176769577,0.4141935483870967,1.0,0.8116852368038898,0.6216045545228506,0.668702,0.732329
QN1202,South Jamaica,Queens,6182,3809,61.61,34.07,2.83,Zohran Kwame Mamdani,61.61,0.7311361072173408,0.5058064516129032,1.0,0.8985004851406032,0.2479923260894983,0.668319,0.708947
BX1202,Eastchester-Edenwald-Baychester,Bronx,5864,3172,54.09,40.96,3.77,Zohran Kwame Mamdani,54.09,0.7143150193168997,0.5638709677419353,0.9615,0.7441746516715129,0.3623596073334201,0.667751,0.693721
QN1302,Bellerose,Queens,7603,3525,46.36,40.01,12.78,Zohran Kwame Mamdani,46.36,0.5595177043089792,0.2954838709677418,1.0,0.742198132772306,0.7730533526879754,0.664917,0.757275
BK1001,Bay Ridge,Brooklyn,24606,11180,45.44,40.62,13.16,Zohran Kwame Mamdani,45.44,0.6286169327726304,0.7432258064516128,0.9799,0.816639964150598,0.2027294414570463,0.664821,0.64522
QN0804,Jamaica Estates-Holliswood,Queens,6724,2972,44.2,49.91,5.15,Andrew M. Cuomo,49.91,0.612320079318951,0.5341935483870968,0.9762,0.835730885708601,0.4163328305688145,0.663785,0.696183
QN0905,Woodhaven,Queens,6598,3138,47.56,38.83,12.61,Zohran Kwame Mamdani,47.56,0.6736412640888008,0.6709677419354838,0.85,0.8501242697094276,0.3140646134966524,0.662935,0.660927
QN1304,Cambria Heights,Queens,5422,2954,54.48,41.65,2.55,Zohran Kwame Mamdani,54.48,0.5113793064150342,0.3496774193548387,1.0,0.9143245882565972,0.6256300038128269,0.660055,0.737649
QN1206,Hollis,Queens,4443,2759,62.1,33.47,3.6,Zohran Kwame Mamdani,62.1,0.6738463993070989,0.4670967741935483,1.0,0.831044954061039,0.362829928215215,0.659104,0.707105
MN0604,East Midtown-Turtle Bay,Manhattan,16779,5845,34.84,60.55,3.89,Andrew M. Cuomo,60.55,0.2339994529727511,0.9483870967741936,0.9216,0.7512553285569525,0.5689490958378564,0.658975,0.586622
BK0202,Downtown Brooklyn-DUMBO-Boerum Hill,Brooklyn,15731,11283,71.72,25.31,1.9,Zohran Kwame Mamdani,71.72,0.2782915655236077,0.944516129032258,0.9115,0.8100393594411044,0.48297115842295,0.658876,0.587466
SI0102,Tompkinsville-Stapleton-Clifton-Fox Hills,Staten Island,3005,1677,55.81,33.44,9.08,Zohran Kwame Mamdani,55.81,0.8806853795571359,0.552258064516129,0.9701,0.8142499358867877,0.0511990161438668,0.65702,0.683211
BK0102,Williamsburg,Brooklyn,20039,13673,68.23,28.46,2.44,Zohran Kwame Mamdani,68.23,0.3456585410327418,0.9148387096774192,0.9694,0.7372745407162596,0.4119617948492444,0.656246,0.591598
QN0202,Sunnyside,Queens,13255,8714,65.74,26.95,6.44,Zohran Kwame Mamdani,65.74,0.6994341686895278,0.8232258064516129,0.9194,0.6081654365648931,0.2057811210046075,0.655765,0.613899
QN1303,Queens Village,Queens,11839,6930,58.54,35.15,5.39,Zohran Kwame Mamdani,58.54,0.5847436379591324,0.4116129032258064,1.0,0.7523374688368012,0.5487608907392819,0.651111,0.710986
QN1204,Springfield Gardens (North)-Rochdale Village,Queens,7637,3922,51.36,45.23,2.11,Zohran Kwame Mamdani,51.36,0.7394298380571416,0.424516129032258,1.0,0.8788312988810895,0.2435745092005311,0.6503,0.706746
QN0602,Forest Hills,Queens,26215,9871,37.65,55.06,6.47,Andrew M. Cuomo,55.06,0.5508222503333448,0.7212903225806451,0.8261,0.6381662239855119,0.5263313699302875,0.648175,0.629896
QN0203,Woodside,Queens,10629,6113,57.51,33.15,8.68,Zohran Kwame Mamdani,57.51,0.7346632933319658,0.784516129032258,1.0,0.229417972653307,0.3517935382171421,0.64534,0.610547
QN0503,Glendale,Queens,7607,2498,32.84,45.5,21.16,Andrew M. Cuomo,45.5,0.6453553967657014,0.4774193548387097,1.0,0.6344158467668645,0.4607131063103014,0.644128,0.685805
SI0101,St. George-New Brighton,Staten Island,4005,2254,56.28,34.13,8.06,Zohran Kwame Mamdani,56.28,0.7558634483230195,0.6141935483870967,0.9897,0.8191334967599613,0.0515793638297607,0.64293,0.650115
BK0801,Prospect Heights,Brooklyn,10866,8979,82.63,15.09,1.11,Zohran Kwame Mamdani,82.63,0.2060697231814193,0.9238709677419354,0.9394,0.8795263768726639,0.4268486713177702,0.64147,0.57087
MN0802,Upper East Side-Carnegie Hill,Manhattan,26803,6643,24.78,71.82,2.66,Andrew M. Cuomo,71.82,0.0,0.9187096774193548,0.9265,0.7372111980158454,0.7695966172042465,0.633543,0.562251
QN0102,Old Astoria-Hallets Point,Queens,4042,2848,70.46,23.58,5.29,Zohran Kwame Mamdani,70.46,0.5291861830034075,0.7664516129032257,0.8182,0.6458076379568138,0.4249534029072773,0.631089,0.597248
QN0903,South Richmond Hill,Queens,2949,1746,59.21,33.03,7.29,Zohran Kwame Mamdani,59.21,0.6977304067375523,0.5729032258064516,0.7778,0.7974347560529037,0.3126973691665126,0.626728,0.640184
QN0904,Ozone Park (North),Queens,3988,2509,62.91,28.86,7.72,Zohran Kwame Mamdani,62.91,0.7358257262356548,0.6064516129032258,0.6923,0.7974347560529037,0.3126973691665126,0.625861,0.630714
QN0303,North Corona,Queens,2964,1520,51.28,39.27,8.43,Zohran Kwame Mamdani,51.28,0.7205403033721951,0.8374193548387097,0.875,0.6632122571831156,0.0073639548761475,0.623574,0.570112
MN0701,Upper West Side-Lincoln Square,Manhattan,27174,11523,42.4,53.65,2.97,Andrew M. Cuomo,53.65,0.1130978836883311,0.944516129032258,0.9474,0.7967494389965067,0.4846174795294721,0.623094,0.542738
QN1205,St. Albans,Queens,10879,6145,56.48,39.93,2.3,Zohran Kwame Mamdani,56.48,0.5935188667418829,0.4129032258064516,1.0,0.9154809179271842,0.2673949352430499,0.621761,0.673976
BK0602,Park Slope,Brooklyn,26396,20302,76.91,20.21,1.7,Zohran Kwame Mamdani,76.91,0.0868890104504996,0.9290322580645162,0.925,0.8700037338483977,0.4866569243976495,0.620361,0.543193
SI0201,Grasmere-Arrochar-South Beach-Dongan Hills,Staten Island,8978,2122,23.64,55.28,20.58,Andrew M. Cuomo,55.28,0.7190331293377552,0.4309677419354838,0.9789,0.8946999869259674,0.1200459926074312,0.619946,0.667191
QN0504,Middle Village,Queens,8097,1790,22.11,52.43,24.95,Andrew M. Cuomo,52.43,0.5950687772801349,0.4709677419354838,1.0,0.6729791905713958,0.3731783015473828,0.618543,0.655437
QN1002,Ozone Park,Queens,4603,2290,49.75,35.93,13.82,Zohran Kwame Mamdani,49.75,0.6871687920954563,0.5419354838709678,0.5,0.7168730048008045,0.6538468477824326,0.61848,0.637616
SI0103,Rosebank-Shore Acres-Park Hill,Staten Island,5176,2080,40.19,43.72,15.36,Andrew M. Cuomo,43.72,0.7406805930687089,0.4116129032258064,0.9804,0.8921219169902471,0.1048258588009687,0.618356,0.670042
QN1203,Baisley Park,Queens,6889,3810,55.31,40.59,2.98,Zohran Kwame Mamdani,55.31,0.6551676980409586,0.4025806451612902,1.0,0.8765334405689057,0.2078964683534232,0.617367,0.671064
QN1301,Glen Oaks-Floral Park-New Hyde Park,Queens,6022,2043,33.93,53.47,11.81,Andrew M. Cuomo,53.47,0.535086669629731,0.1664516129032258,1.0,0.7295100247656333,0.6867972438489368,0.613848,0.725697
BX1203,Wakefield-Woodlawn,Bronx,8077,4034,49.94,42.01,7.09,Zohran Kwame Mamdani,49.94,0.6689658905717575,0.5367741935483872,0.9492,0.6072275796298878,0.2893505680104331,0.613391,0.632545
BK0201,Brooklyn Heights,Brooklyn,10353,6472,62.51,34.31,1.93,Zohran Kwame Mamdani,62.51,0.1316227335407478,0.9664516129032258,0.8947,0.8372698002976557,0.3952375776716354,0.609774,0.520605
BK0101,Greenpoint,Brooklyn,14905,11451,76.83,17.3,5.37,Zohran Kwame Mamdani,76.83,0.4051876417427377,0.8735483870967742,0.9718,0.623738936540982,0.2248667293876872,0.608901,0.542739
BX1002,Throgs Neck-Schuylerville,Bronx,9981,3124,31.3,43.44,24.63,Andrew M. Cuomo,43.44,0.6467286630881968,0.3703225806451612,1.0,0.8173459885664864,0.2334005474097957,0.605029,0.663705
MN0201,SoHo-Little Italy-Hudson Square,Manhattan,6928,3708,53.52,42.19,3.44,Zohran Kwame Mamdani,53.52,0.3292249307668639,0.975483870967742,0.8611,0.8254868520424533,0.1465265556662388,0.602751,0.509568
MN0502,Midtown-Times Square,Manhattan,6745,3003,44.52,50.14,4.37,Andrew M. Cuomo,50.14,0.2341846444892703,0.9858064516129031,0.8926,0.749221819909299,0.2537144238461126,0.597354,0.50024
BX1103,Pelham Gardens,Bronx,5890,2851,48.4,39.88,10.88,Zohran Kwame Mamdani,48.4,0.6679914982848416,0.4077419354838709,1.0,0.6836421781562114,0.1948327102239594,0.590059,0.635638
QN0702,Whitestone-Beechhurst,Queens,8397,1500,17.86,59.45,22.16,Andrew M. Cuomo,59.45,0.5665777747387375,0.2348387096774192,1.0,0.7174870361044073,0.4686500423102738,0.589965,0.678747
MN0203,West Village,Manhattan,13391,6786,50.68,45.92,2.55,Zohran Kwame Mamdani,50.68,0.0974221340900544,0.9651612903225808,0.9216,0.7910378725088651,0.3114008823309301,0.582644,0.487014
SI0202,New Dorp-Midland Beach,Staten Island,8075,1518,18.8,57.26,23.38,Andrew M. Cuomo,57.26,0.6231523584851903,0.3870967741935484,0.9741,0.8883005328418242,0.1019198971771338,0.581657,0.630296
SI0106,Port Richmond,Staten Island,4328,2083,48.13,37.5,13.38,Zohran Kwame Mamdani,48.13,0.6769034838797907,0.3651612903225806,1.0,0.8615315431167906,0.0496982714701884,0.581428,0.635494
QN1306,Springfield Gardens (South)-Brookville,Queens,3981,2320,58.28,38.21,2.51,Zohran Kwame Mamdani,58.28,0.5315281434123105,0.3729032258064516,0.9565,0.9047325767501512,0.2205549908462238,0.578584,0.630004
BK0601,Carroll Gardens-Cobble Hill-Gowanus-Red Hook,Brooklyn,21729,15702,72.26,24.03,2.58,Zohran Kwame Mamdani,72.26,0.2212098419319179,0.9212903225806452,0.9551,0.7680010369148975,0.1552588783174618,0.576832,0.490718
QN1305,Laurelton,Queens,6046,3423,56.62,39.89,2.18,Zohran Kwame Mamdani,56.62,0.523527869898686,0.3483870967741935,1.0,0.8811225832193501,0.214541866985456,0.575636,0.632448
MN0202,Greenwich Village,Manhattan,12100,6165,50.95,45.88,2.15,Zohran Kwame Mamdani,50.95,0.1418851926561591,0.944516129032258,0.8511,0.8099246218186866,0.2758798591287155,0.571259,0.477945
QN0703,Bay Terrace-Clearview,Queens,7362,1551,21.07,61.95,16.34,Andrew M. Cuomo,61.95,0.5366109382656956,0.2941935483870967,1.0,0.6751660881903736,0.3532059685524063,0.564908,0.632586
SI0104,West New Brighton-Silver Lake-Grymes Hill,Staten Island,10867,3707,34.11,47.99,17.12,Andrew M. Cuomo,47.99,0.6114852929444881,0.3754838709677419,1.0,0.815004359496717,0.0714441506113884,0.564508,0.611764
QN1307,Rosedale,Queens,5081,2923,57.53,38.14,3.52,Zohran Kwame Mamdani,57.53,0.5133907711944568,0.3238709677419354,1.0,0.8538528631136401,0.206229444533674,0.562446,0.622089
QN0302,East Elmhurst,Queens,4944,2625,53.09,39.34,6.49,Zohran Kwame Mamdani,53.09,0.7244207779183334,0.6322580645161291,1.0,0.0,0.2116153578826391,0.54988,0.529285
SI0204,New Springville-Willowbrook-Bulls Head-Travis,Staten Island,11131,2512,22.57,55.41,21.48,Andrew M. Cuomo,55.41,0.6115992569546538,0.2580645161290322,1.0,0.8719395402321234,0.0581556885551231,0.546935,0.619152
MN0501,Midtown South-Flatiron-Union Square,Manhattan,9783,4124,42.15,53.97,2.98,Andrew M. Cuomo,53.97,0.025690336991578,0.9496774193548388,0.8636,0.7449210294670505,0.2794527721953466,0.536707,0.433464
SI0301,Oakwood-Richmondtown,Staten Island,6967,1014,14.55,60.16,24.86,Andrew M. Cuomo,60.16,0.499509954756288,0.3238709677419354,0.9726,0.8687467167749542,0.1075841751138471,0.536001,0.589033
MN0102,Tribeca-Civic Center,Manhattan,8881,3299,37.15,59.44,2.48,Andrew M. Cuomo,59.44,0.0882879186752823,0.9625806451612904,0.8,0.8660946889549448,0.1558629956501073,0.535675,0.428948
SI0203,Todt Hill-Emerson Hill-Lighthouse Hill-Manor Heights,Staten Island,11318,2202,19.46,64.49,15.47,Andrew M. Cuomo,64.49,0.5570845726919439,0.2890322580645161,1.0,0.8215099301591209,0.0392116160046798,0.528146,0.587925
SI0105,Westerleigh-Castleton Corners,Staten Island,12078,2497,20.67,54.28,24.46,Andrew M. Cuomo,54.28,0.5046554298152643,0.2451612903225806,1.0,0.8705930010006434,0.0462747865715583,0.51504,0.58251
SI0304,Annadale-Huguenot-Prince's Bay-Woodrow,Staten Island,16539,1615,9.76,65.13,24.85,Andrew M. Cuomo,65.13,0.5508336467343613,0.2309677419354838,0.969,0.8360910241533428,0.0315182429009119,0.509419,0.579032
SI0302,Great Kills-Eltingville,Staten Island,20149,2410,11.96,61.74,25.85,Andrew M. Cuomo,61.74,0.4472745506968899,0.2490322580645161,0.982,0.829756083628787,0.0627266563862405,0.495034,0.556534
QN0201,Long Island City-Hunters Point,Queens,10019,6852,68.39,27.53,3.1,Zohran Kwame Mamdani,68.39,0.1896703021185909,0.896774193548387,0.7179,0.4637531255725025,0.2326075535611768,0.486437,0.383853
SI0303,Arden Heights-Rossville,Staten Island,9382,1225,13.06,61.3,25.1,Andrew M. Cuomo,61.3,0.5569478158797452,0.0941935483870969,1.0,0.7591204668336945,0.0028203775524682,0.472508,0.567086
SI0305,Tottenville-Charleston,Staten Island,6022,559,9.28,59.45,30.8,Andrew M. Cuomo,59.45,0.4159629389038941,0.1393548387096775,0.9639,0.7222405751512017,0.0223190464629909,0.437442,0.511963
